,0,1,2,3,4,5,6,7,8,9,10,11,12,13,14,15,16,17,18,19
0,2.97147056063132,1.4860070601684938,1.044395827741544,0.6930846483007074,5.146407678842912,2.7855086249884526,0.0,1.0,0.0,0.0,0.0,0.0,0.0,0.0,0.0,0.0,1.0,0.0,1.0,0.0
1,0.13347030886996475,3.1818033523607747,1.3925277703220587,0.3465423241503537,2.0585630715371646,6.220130381482811,0.0,0.0,0.0,0.0,0.0,1.0,0.0,0.0,1.0,0.0,0.0,0.0,1.0,0.0
2,2.2689952507894007,0.9615339801090254,0.6962638851610293,0.6930846483007074,5.146407678842912,1.7144806697527248,1.0,0.0,0.0,0.0,0.0,0.0,0.0,0.0,0.0,0.0,1.0,0.0,0.0,1.0
3,2.3392427817735926,0.5419555160614506,1.044395827741544,0.6930846483007074,5.146407678842912,0.6759945959272634,0.0,0.0,0.0,1.0,0.0,0.0,0.0,0.0,0.0,0.0,1.0,0.0,0.0,1.0
4,0.39338617351147503,1.1013934681248836,1.044395827741544,0.6930846483007074,5.146407678842912,1.6987228739421565,0.0,0.0,0.0,0.0,0.0,0.0,1.0,1.0,0.0,0.0,0.0,0.0,1.0,0.0
5,1.643792225030092,1.573419240178405,0.6962638851610293,0.6930846483007074,5.146407678842912,1.4343815405326348,1.0,0.0,0.0,0.0,0.0,0.0,0.0,1.0,0.0,0.0,0.0,1.0,0.0,0.0
6,2.205772472903628,1.1538407761308305,2.088791655483088,2.079253944902122,7.204970750380077,0.6177986878094982,0.0,0.0,0.0,1.0,0.0,0.0,0.0,0.0,1.0,0.0,0.0,0.0,1.0,0.0
7,2.3322180286751735,2.37761129626959,1.3925277703220587,1.039626972451061,5.146407678842912,2.186430814096867,1.0,0.0,0.0,0.0,0.0,0.0,0.0,1.0,0.0,0.0,0.0,1.0,0.0,0.0
8,0.927267408991334,0.5594379520634329,0.34813194258051466,0.3465423241503537,5.146407678842912,2.1536561712811175,1.0,0.0,0.0,0.0,0.0,0.0,0.0,0.0,0.0,0.0,1.0,0.0,1.0,0.0
9,0.9623911744834299,1.3636300081546178,1.044395827741544,0.6930846483007074,5.146407678842912,3.7737495822833647,0.0,1.0,0.0,0.0,0.0,0.0,0.0,0.0,0.0,0.0,1.0,0.0,1.0,0.0
10,2.9855200668281587,0.9615339801090254,1.044395827741544,0.6930846483007074,4.117126143074329,1.9870930546061165,0.0,0.0,0.0,0.0,0.0,0.0,1.0,0.0,0.0,1.0,0.0,0.0,1.0,0.0
11,2.3603170410688503,1.9055855242160684,1.044395827741544,1.039626972451061,5.146407678842912,2.325828563550262,1.0,0.0,0.0,0.0,0.0,0.0,0.0,0.0,0.0,0.0,1.0,1.0,0.0,0.0
12,0.1756188274604799,1.573419240178405,1.3925277703220587,1.3861692966014147,5.146407678842912,1.4031101467667884,0.0,0.0,0.0,1.0,0.0,0.0,0.0,0.0,1.0,0.0,0.0,0.0,1.0,0.0
13,2.8028764862692594,2.6223654002973418,1.3925277703220587,1.3861692966014147,5.146407678842912,1.2947435234066729,1.0,0.0,0.0,0.0,0.0,0.0,0.0,1.0,0.0,0.0,0.0,0.0,1.0,0.0
14,3.350807227945957,0.874121800099114,1.7406597129025732,0.6930846483007074,6.175689214611494,0.9591864157993781,0.0,0.0,0.0,1.0,0.0,0.0,0.0,0.0,0.0,0.0,1.0,0.0,1.0,0.0
15,1.7421387684079608,1.2062880841367773,0.6962638851610293,0.6930846483007074,5.146407678842912,1.3203763702870617,1.0,0.0,0.0,0.0,0.0,0.0,0.0,0.0,0.0,0.0,1.0,0.0,0.0,1.0
16,1.6718912374237689,0.751744748085238,0.34813194258051466,0.3465423241503537,5.146407678842912,1.7121033419104383,1.0,0.0,0.0,0.0,0.0,0.0,0.0,0.0,1.0,0.0,0.0,0.0,1.0,0.0
17,0.821896112515046,2.185304500247785,1.3925277703220587,1.3861692966014147,5.146407678842912,0.636381434915014,0.0,0.0,0.0,1.0,0.0,0.0,0.0,1.0,0.0,0.0,0.0,0.0,1.0,0.0
18,0.2950396301336063,2.132857192241838,1.044395827741544,0.6930846483007074,5.146407678842912,2.20427681133374,0.0,0.0,0.0,0.0,0.0,0.0,1.0,0.0,0.0,0.0,1.0,1.0,0.0,0.0
19,1.6648664843253496,1.0489461601189367,1.044395827741544,0.6930846483007074,5.146407678842912,1.2844595978768811,0.0,1.0,0.0,0.0,0.0,0.0,0.0,0.0,0.0,0.0,1.0,0.0,1.0,0.0
20,1.2363565453217786,1.9230679602180507,1.044395827741544,0.6930846483007074,5.146407678842912,0.9926812060193507,1.0,0.0,0.0,0.0,0.0,0.0,0.0,0.0,0.0,1.0,0.0,0.0,1.0,0.0
21,2.254945744592562,2.132857192241838,1.044395827741544,0.6930846483007074,5.146407678842912,1.476964680008056,0.0,0.0,0.0,1.0,0.0,0.0,0.0,0.0,1.0,0.0,0.0,0.0,1.0,0.0
22,1.074787224058137,2.5524356562894126,1.3925277703220587,1.039626972451061,5.146407678842912,0.6898421177398466,1.0,0.0,0.0,0.0,0.0,0.0,0.0,0.0,1.0,0.0,0.0,0.0,1.0,0.0
23,3.287584450060184,1.188805648134795,1.044395827741544,0.6930846483007074,5.146407678842912,2.415451565349674,0.0,1.0,0.0,0.0,0.0,0.0,0.0,0.0,0.0,0.0,1.0,0.0,1.0,0.0
24,1.6016437064395768,0.5944028240673975,0.34813194258051466,0.3465423241503537,5.146407678842912,2.169152968157314,1.0,0.0,0.0,0.0,0.0,0.0,0.0,0.0,1.0,0.0,0.0,0.0,1.0,0.0
25,2.992544819926578,2.7971897603171647,1.044395827741544,0.6930846483007074,5.146407678842912,0.7020014399218139,0.0,1.0,0.0,0.0,0.0,0.0,0.0,0.0,0.0,0.0,1.0,0.0,1.0,0.0
26,1.4330496320775161,2.0978923202378734,2.088791655483088,2.079253944902122,4.117126143074329,1.1154797947955977,0.0,0.0,0.0,1.0,0.0,0.0,0.0,0.0,1.0,0.0,0.0,0.0,1.0,0.0
27,0.8851188904008188,0.9615339801090254,0.6962638851610293,0.3465423241503537,5.146407678842912,2.1665455569450187,1.0,0.0,0.0,0.0,0.0,0.0,0.0,0.0,0.0,0.0,1.0,0.0,0.0,1.0
28,2.5921338933166838,0.6992974400792912,1.3925277703220587,0.6930846483007074,4.117126143074329,1.8763470832560845,0.0,0.0,0.0,1.0,0.0,0.0,0.0,0.0,0.0,0.0,1.0,0.0,1.0,0.0
29,0.2177673460509951,1.2237705201387594,6.962638851610293,6.930846483007073,9.26353382191724,0.7959219546580948,0.0,0.0,0.0,1.0,0.0,0.0,0.0,0.0,1.0,0.0,0.0,0.0,1.0,0.0
30,0.7937971001213693,2.0978923202378734,1.044395827741544,0.6930846483007074,5.146407678842912,0.7328358468074645,0.0,1.0,0.0,0.0,0.0,0.0,0.0,0.0,0.0,0.0,1.0,0.0,1.0,0.0
31,1.9458566082621176,2.0978923202378734,1.044395827741544,1.039626972451061,5.146407678842912,0.7160677378227117,1.0,0.0,0.0,0.0,0.0,0.0,0.0,1.0,0.0,0.0,0.0,1.0,0.0,0.0
32,1.426024878979097,0.874121800099114,1.044395827741544,0.6930846483007074,5.146407678842912,2.0198571191354384,0.0,0.0,0.0,0.0,1.0,0.0,0.0,0.0,0.0,0.0,1.0,0.0,0.0,1.0
33,0.9834654337786876,1.9580328322220153,1.044395827741544,0.6930846483007074,5.146407678842912,1.1696726458149431,1.0,0.0,0.0,0.0,0.0,0.0,0.0,0.0,1.0,0.0,0.0,0.0,1.0,0.0
34,0.4004109266098942,1.3111827001486709,1.044395827741544,0.6930846483007074,5.146407678842912,1.7116663422157006,0.0,0.0,0.0,0.0,0.0,0.0,1.0,0.0,0.0,0.0,1.0,1.0,0.0,0.0
35,1.3487525948964858,0.9790164161110076,1.3925277703220587,1.3861692966014147,4.117126143074329,0.8045764798788986,0.0,0.0,0.0,1.0,0.0,0.0,0.0,0.0,1.0,0.0,0.0,0.0,1.0,0.0
36,0.16859407436206073,1.6783138561902988,2.088791655483088,1.7327116207517683,5.146407678842912,2.8703239941375984,0.0,0.0,0.0,0.0,0.0,0.0,1.0,0.0,0.0,1.0,0.0,1.0,0.0,0.0
37,0.11942080267312634,0.874121800099114,0.6962638851610293,0.3465423241503537,5.146407678842912,1.2406202250949505,1.0,0.0,0.0,0.0,0.0,0.0,0.0,0.0,1.0,0.0,0.0,0.0,1.0,0.0
38,2.4024655596593654,1.0489461601189367,1.3925277703220587,1.7327116207517683,5.146407678842912,0.25928069243932267,0.0,0.0,0.0,1.0,0.0,0.0,0.0,1.0,0.0,0.0,0.0,0.0,1.0,0.0
39,0.463633704495667,1.0314637241169544,0.6962638851610293,0.3465423241503537,5.146407678842912,2.043048670517663,1.0,0.0,0.0,0.0,0.0,0.0,0.0,0.0,0.0,0.0,1.0,0.0,1.0,0.0
40,1.468173397569612,3.251733096368704,1.3925277703220587,1.039626972451061,5.146407678842912,1.3878328259201531,1.0,0.0,0.0,0.0,0.0,0.0,0.0,0.0,1.0,0.0,0.0,0.0,1.0,0.0
41,3.385930993438053,3.199285788362757,1.3925277703220587,1.3861692966014147,3.087844607305747,1.4804189306231998,0.0,0.0,0.0,1.0,0.0,0.0,0.0,1.0,0.0,0.0,0.0,0.0,1.0,0.0
42,0.6603267912514045,1.3286651361506532,0.6962638851610293,0.6930846483007074,5.146407678842912,1.1302782274062069,1.0,0.0,0.0,0.0,0.0,0.0,0.0,1.0,0.0,0.0,0.0,0.0,1.0,0.0
43,2.4516388313482995,0.6118852600693797,1.3925277703220587,0.6930846483007074,5.146407678842912,0.6475263614724417,0.0,0.0,0.0,1.0,0.0,0.0,0.0,0.0,1.0,0.0,0.0,0.0,1.0,0.0
44,2.880148770351871,1.9230679602180507,1.3925277703220587,1.7327116207517683,6.175689214611494,1.1769427164151682,0.0,0.0,0.0,0.0,0.0,0.0,1.0,0.0,1.0,0.0,0.0,0.0,1.0,0.0
45,0.1615693212636415,1.818173344206157,1.044395827741544,0.6930846483007074,5.146407678842912,2.8752836645496935,0.0,0.0,0.0,0.0,0.0,0.0,1.0,0.0,0.0,0.0,1.0,0.0,0.0,1.0
46,2.18469821360837,1.8531382162101215,1.044395827741544,0.6930846483007074,5.146407678842912,1.68321851032229,1.0,0.0,0.0,0.0,0.0,0.0,0.0,0.0,1.0,0.0,0.0,0.0,1.0,0.0
47,1.8404853117858295,1.8356557802081392,0.6962638851610293,0.6930846483007074,5.146407678842912,1.5620482845657995,1.0,0.0,0.0,0.0,0.0,0.0,0.0,0.0,0.0,1.0,0.0,0.0,0.0,1.0
48,3.027668585418674,1.6783138561902988,1.044395827741544,0.6930846483007074,5.146407678842912,2.8646902238723584,1.0,0.0,0.0,0.0,0.0,0.0,0.0,1.0,0.0,0.0,0.0,1.0,0.0,0.0
49,0.03512376549209598,0.7867096200892025,0.6962638851610293,0.6930846483007074,5.146407678842912,1.3090849035373946,1.0,0.0,0.0,0.0,0.0,0.0,0.0,0.0,1.0,0.0,0.0,0.0,1.0,0.0
50,0.8148713594166268,0.8916042361010962,1.3925277703220587,1.039626972451061,4.117126143074329,1.8126054249759656,0.0,0.0,0.0,1.0,0.0,0.0,0.0,0.0,1.0,0.0,0.0,0.0,1.0,0.0
51,0.31611388942886387,2.0978923202378734,1.044395827741544,0.6930846483007074,5.146407678842912,2.236025797074317,0.0,0.0,0.0,0.0,0.0,0.0,1.0,0.0,0.0,0.0,1.0,0.0,0.0,1.0
52,0.11239604957470715,1.3985948801585824,2.088791655483088,1.7327116207517683,5.146407678842912,1.6985540581670666,0.0,0.0,0.0,0.0,0.0,0.0,1.0,1.0,0.0,0.0,0.0,0.0,1.0,0.0
53,3.2665101907649263,0.7867096200892025,1.044395827741544,1.3861692966014147,6.175689214611494,0.873709274693858,0.0,0.0,0.0,1.0,0.0,0.0,0.0,0.0,1.0,0.0,0.0,0.0,1.0,0.0
54,2.5148616092340723,1.6783138561902988,0.6962638851610293,0.6930846483007074,5.146407678842912,1.1291704869332535,1.0,0.0,0.0,0.0,0.0,0.0,0.0,0.0,0.0,0.0,1.0,0.0,0.0,1.0
55,0.02107425929525759,1.6783138561902988,1.044395827741544,0.6930846483007074,5.146407678842912,2.8578780001455497,0.0,0.0,0.0,0.0,0.0,0.0,1.0,0.0,0.0,0.0,1.0,0.0,0.0,1.0
56,3.1822131535838962,0.6118852600693797,1.044395827741544,1.3861692966014147,6.175689214611494,0.473694501480912,0.0,0.0,0.0,1.0,0.0,0.0,0.0,0.0,1.0,0.0,0.0,0.0,1.0,0.0
57,1.9037080896716023,1.3985948801585824,1.044395827741544,0.6930846483007074,5.146407678842912,4.627768999643416,0.0,1.0,0.0,0.0,0.0,0.0,0.0,0.0,0.0,0.0,1.0,0.0,1.0,0.0
58,0.4214851859051518,4.125854896467818,1.3925277703220587,1.3861692966014147,5.146407678842912,1.3216148216399222,1.0,0.0,0.0,0.0,0.0,0.0,0.0,0.0,0.0,1.0,0.0,0.0,1.0,0.0
59,0.7727228408261116,2.2727166802576964,1.044395827741544,0.6930846483007074,5.146407678842912,1.003811090935858,1.0,0.0,0.0,0.0,0.0,0.0,0.0,0.0,1.0,0.0,0.0,0.0,0.0,1.0
60,3.175188400485477,1.76572603620021,1.044395827741544,0.6930846483007074,5.146407678842912,0.7185580164005384,1.0,0.0,0.0,0.0,0.0,0.0,0.0,0.0,0.0,0.0,1.0,1.0,0.0,0.0
61,3.0838666102060275,1.7832084722021924,1.044395827741544,1.039626972451061,5.146407678842912,1.6305722871487254,1.0,0.0,0.0,0.0,0.0,0.0,0.0,0.0,0.0,0.0,1.0,0.0,1.0,0.0
62,0.2037178398541567,1.1013934681248836,1.7406597129025732,1.7327116207517683,5.146407678842912,1.6977749911160824,0.0,0.0,0.0,0.0,0.0,0.0,1.0,0.0,0.0,1.0,0.0,0.0,1.0,0.0
63,3.140064634993381,0.6992974400792912,1.3925277703220587,1.3861692966014147,5.146407678842912,0.5160114156841291,0.0,0.0,0.0,1.0,0.0,0.0,0.0,1.0,0.0,0.0,0.0,0.0,1.0,0.0
64,3.1330398818949616,2.447541040277519,1.044395827741544,0.6930846483007074,6.175689214611494,0.660916027720988,0.0,0.0,0.0,0.0,0.0,1.0,0.0,0.0,1.0,0.0,0.0,0.0,1.0,0.0
65,0.18264358055889912,1.3111827001486709,1.7406597129025732,1.7327116207517683,5.146407678842912,1.698031205188294,0.0,0.0,0.0,0.0,0.0,0.0,1.0,0.0,0.0,1.0,0.0,0.0,1.0,0.0
66,0.04917327168893438,1.3461475721526355,1.7406597129025732,1.7327116207517683,5.146407678842912,1.6857062733119281,1.0,0.0,0.0,0.0,0.0,0.0,0.0,0.0,0.0,1.0,0.0,1.0,0.0,0.0
67,3.2032874128791535,1.4685246241665115,1.3925277703220587,1.039626972451061,3.087844607305747,1.0327616533665107,0.0,0.0,0.0,1.0,0.0,0.0,0.0,1.0,0.0,0.0,0.0,0.0,1.0,0.0
68,0.7586733346292732,2.1678220642458026,1.3925277703220587,0.6930846483007074,4.117126143074329,1.0038297787225132,0.0,0.0,0.0,0.0,0.0,0.0,1.0,1.0,0.0,0.0,0.0,0.0,1.0,0.0
69,0.2599158646415103,0.7342623120832558,3.4813194258051463,0.6930846483007074,7.204970750380077,0.8194603741448273,0.0,0.0,0.0,1.0,0.0,0.0,0.0,0.0,1.0,0.0,0.0,0.0,1.0,0.0
70,1.102886236451814,2.062927448233909,1.044395827741544,0.6930846483007074,5.146407678842912,1.4615317461997095,1.0,0.0,0.0,0.0,0.0,0.0,0.0,0.0,0.0,0.0,1.0,0.0,1.0,0.0
71,3.294609203158603,0.8916042361010962,0.34813194258051466,0.3465423241503537,5.146407678842912,2.0586781418035187,1.0,0.0,0.0,0.0,0.0,0.0,0.0,0.0,0.0,0.0,1.0,0.0,1.0,0.0
72,0.8289208656134652,2.360128860267608,2.088791655483088,2.079253944902122,5.146407678842912,2.4624790383366197,1.0,0.0,0.0,0.0,0.0,0.0,0.0,0.0,0.0,0.0,1.0,0.0,0.0,1.0
73,0.8008218532197884,1.748243600198228,1.044395827741544,0.6930846483007074,5.146407678842912,1.3496627665294374,1.0,0.0,0.0,0.0,0.0,0.0,0.0,0.0,1.0,0.0,0.0,0.0,1.0,0.0
74,1.2293317922233595,2.6223654002973418,1.3925277703220587,0.6930846483007074,5.146407678842912,1.0319699132087852,1.0,0.0,0.0,0.0,0.0,0.0,0.0,1.0,0.0,0.0,0.0,0.0,1.0,0.0
75,1.8334605586874104,2.0454450122319265,1.044395827741544,0.6930846483007074,5.146407678842912,1.4517582787567718,1.0,0.0,0.0,0.0,0.0,0.0,0.0,0.0,0.0,0.0,1.0,0.0,1.0,0.0
76,1.2714803108138746,1.748243600198228,1.044395827741544,0.6930846483007074,5.146407678842912,1.3088225615940252,1.0,0.0,0.0,0.0,0.0,0.0,0.0,0.0,1.0,0.0,0.0,0.0,1.0,0.0
77,1.0115644461723643,2.2377518082537318,1.044395827741544,0.6930846483007074,5.146407678842912,1.2395119534023435,1.0,0.0,0.0,0.0,0.0,0.0,0.0,0.0,0.0,0.0,1.0,0.0,0.0,1.0
78,2.606183399513522,1.3636300081546178,0.6962638851610293,0.6930846483007074,5.146407678842912,1.6363166988103708,1.0,0.0,0.0,0.0,0.0,0.0,0.0,0.0,1.0,0.0,0.0,0.0,1.0,0.0
79,2.676430930497714,1.3985948801585824,0.6962638851610293,0.6930846483007074,5.146407678842912,0.698569029157092,1.0,0.0,0.0,0.0,0.0,0.0,0.0,0.0,0.0,0.0,1.0,0.0,1.0,0.0
80,1.9739556206557942,1.3985948801585824,1.044395827741544,1.039626972451061,5.146407678842912,1.2089285778042314,1.0,0.0,0.0,0.0,0.0,0.0,0.0,0.0,1.0,0.0,0.0,0.0,1.0,0.0
81,2.557010127824588,2.1153747562398557,1.044395827741544,0.6930846483007074,1.0292815357685823,0.5362428347540265,0.0,0.0,0.0,1.0,0.0,0.0,0.0,0.0,0.0,0.0,1.0,0.0,1.0,0.0
82,1.5313961754553849,0.9440515441070431,0.6962638851610293,0.6930846483007074,5.146407678842912,1.565264591072382,1.0,0.0,0.0,0.0,0.0,0.0,0.0,0.0,1.0,0.0,0.0,0.0,1.0,0.0
83,3.1470893880918003,0.751744748085238,1.044395827741544,0.6930846483007074,6.175689214611494,0.6118252107799529,0.0,0.0,0.0,0.0,0.0,1.0,0.0,0.0,1.0,0.0,0.0,0.0,1.0,0.0
84,0.9904901868771068,2.2727166802576964,1.3925277703220587,0.6930846483007074,4.117126143074329,1.026761606043815,0.0,0.0,0.0,1.0,0.0,0.0,0.0,0.0,0.0,0.0,1.0,0.0,1.0,0.0
85,2.578084387119845,0.9440515441070431,1.7406597129025732,2.079253944902122,6.175689214611494,0.8434250623691908,0.0,0.0,0.0,0.0,0.0,1.0,0.0,0.0,1.0,0.0,0.0,0.0,1.0,0.0
86,0.4706584575940862,1.748243600198228,2.088791655483088,1.7327116207517683,5.146407678842912,1.9258714760212583,0.0,0.0,0.0,0.0,0.0,0.0,1.0,0.0,0.0,1.0,0.0,0.0,1.0,0.0
87,1.4822229037664505,0.5594379520634329,1.044395827741544,1.3861692966014147,5.146407678842912,2.7259029073282184,0.0,0.0,0.0,1.0,0.0,0.0,0.0,1.0,0.0,0.0,0.0,0.0,1.0,0.0
88,1.1801585205344252,1.8881030882140861,1.044395827741544,0.6930846483007074,5.146407678842912,1.814065630419221,0.0,1.0,0.0,0.0,0.0,0.0,0.0,0.0,0.0,0.0,1.0,0.0,1.0,0.0
89,3.4842775368159216,1.3111827001486709,1.044395827741544,0.6930846483007074,5.146407678842912,4.958413092388425,0.0,1.0,0.0,0.0,0.0,0.0,0.0,0.0,0.0,0.0,1.0,0.0,1.0,0.0
90,2.648331918104037,0.8216744920931671,1.3925277703220587,1.3861692966014147,4.117126143074329,2.093025737323302,0.0,0.0,0.0,1.0,0.0,0.0,0.0,1.0,0.0,0.0,0.0,0.0,1.0,0.0
91,2.528911115430911,1.6608314201883165,0.34813194258051466,0.3465423241503537,1.0292815357685823,2.022359251009005,0.0,0.0,0.0,0.0,1.0,0.0,0.0,0.0,0.0,1.0,0.0,0.0,1.0,0.0
92,1.355777347994905,1.3111827001486709,1.044395827741544,0.6930846483007074,5.146407678842912,2.1561936692910137,1.0,0.0,0.0,0.0,0.0,0.0,0.0,0.0,1.0,0.0,0.0,0.0,1.0,0.0
93,1.7351140153095417,1.3985948801585824,1.3925277703220587,1.039626972451061,4.117126143074329,0.8177053520247378,0.0,0.0,0.0,1.0,0.0,0.0,0.0,0.0,1.0,0.0,0.0,0.0,1.0,0.0
94,0.7656980877276924,1.4860070601684938,0.6962638851610293,0.6930846483007074,5.146407678842912,0.9495631584160669,1.0,0.0,0.0,0.0,0.0,0.0,0.0,0.0,1.0,0.0,0.0,0.0,1.0,0.0
95,1.74916352150638,4.195784640475747,1.044395827741544,0.6930846483007074,5.146407678842912,2.234598614145537,0.0,0.0,0.0,0.0,0.0,0.0,1.0,0.0,0.0,1.0,0.0,0.0,1.0,0.0
96,1.0185891992707836,2.587400528293377,2.4369235980636024,2.079253944902122,4.117126143074329,0.7590481249990618,0.0,0.0,0.0,1.0,0.0,0.0,0.0,0.0,1.0,0.0,0.0,0.0,1.0,0.0
97,0.646277285054566,2.0978923202378734,1.044395827741544,0.6930846483007074,5.146407678842912,2.2414789182292028,0.0,0.0,0.0,0.0,0.0,0.0,1.0,0.0,0.0,0.0,1.0,0.0,1.0,0.0
98,1.067762470959718,1.7832084722021924,1.044395827741544,0.6930846483007074,5.146407678842912,4.732048805744968,0.0,1.0,0.0,0.0,0.0,0.0,0.0,0.0,0.0,0.0,1.0,0.0,1.0,0.0
99,1.5454456816522233,0.8041920560911848,1.3925277703220587,0.6930846483007074,5.146407678842912,0.4619767759821088,0.0,0.0,0.0,1.0,0.0,0.0,0.0,0.0,1.0,0.0,0.0,0.0,0.0,1.0
100,1.6227179657348345,0.7692271840872202,1.044395827741544,0.6930846483007074,5.146407678842912,2.9588615688667863,0.0,1.0,0.0,0.0,0.0,0.0,0.0,0.0,0.0,0.0,1.0,0.0,1.0,0.0
101,0.5830545071687934,2.080409884235891,1.044395827741544,0.6930846483007074,5.146407678842912,1.0404074897652829,1.0,0.0,0.0,0.0,0.0,0.0,0.0,0.0,1.0,0.0,0.0,0.0,1.0,0.0
102,3.210312165977573,1.4685246241665115,1.044395827741544,0.3465423241503537,2.0585630715371646,1.8581272805681297,0.0,0.0,0.0,1.0,0.0,0.0,0.0,1.0,0.0,0.0,0.0,0.0,1.0,0.0
103,1.1590842612391674,0.874121800099114,1.3925277703220587,1.3861692966014147,5.146407678842912,1.127329343380455,0.0,0.0,0.0,0.0,0.0,1.0,0.0,0.0,1.0,0.0,0.0,0.0,1.0,0.0
104,1.145034755042329,3.496487200396456,1.044395827741544,0.6930846483007074,9.26353382191724,0.4468860837831468,0.0,0.0,0.0,0.0,0.0,1.0,0.0,0.0,0.0,0.0,1.0,0.0,1.0,0.0
105,1.3979258665854202,1.748243600198228,1.044395827741544,0.6930846483007074,5.146407678842912,1.1698745149294119,1.0,0.0,0.0,0.0,0.0,0.0,0.0,0.0,0.0,0.0,1.0,0.0,1.0,0.0
106,1.608668459537996,4.388091436497552,1.044395827741544,0.6930846483007074,5.146407678842912,5.433913665681119,0.0,1.0,0.0,0.0,0.0,0.0,0.0,0.0,0.0,0.0,1.0,0.0,1.0,0.0
107,0.5198317292830206,2.3251639882636432,1.7406597129025732,1.7327116207517683,3.087844607305747,0.3642599641264808,0.0,0.0,0.0,0.0,0.0,1.0,0.0,0.0,1.0,0.0,0.0,0.0,1.0,0.0
108,2.929322042040805,1.188805648134795,2.088791655483088,2.425796269052476,5.146407678842912,0.9539355481020295,0.0,0.0,0.0,1.0,0.0,0.0,0.0,0.0,1.0,0.0,0.0,0.0,1.0,0.0
109,2.852049757958194,2.2377518082537318,1.3925277703220587,1.039626972451061,5.146407678842912,1.7540703293585183,1.0,0.0,0.0,0.0,0.0,0.0,0.0,1.0,0.0,0.0,0.0,0.0,1.0,0.0
110,2.634282411907199,1.6783138561902988,1.044395827741544,0.6930846483007074,5.146407678842912,2.8708039076843397,0.0,0.0,0.0,0.0,0.0,1.0,0.0,1.0,0.0,0.0,0.0,1.0,0.0,0.0
111,0.8359456187118844,1.4685246241665115,0.6962638851610293,0.6930846483007074,5.146407678842912,1.5821082763573953,1.0,0.0,0.0,0.0,0.0,0.0,0.0,0.0,1.0,0.0,0.0,0.0,1.0,0.0
112,2.247920991494143,4.895082080555038,1.7406597129025732,2.079253944902122,4.117126143074329,2.197414938046697,0.0,0.0,0.0,0.0,0.0,0.0,1.0,0.0,0.0,1.0,0.0,1.0,0.0,0.0
113,2.7256042021866485,0.7867096200892025,1.044395827741544,0.6930846483007074,5.146407678842912,1.3301878652334738,0.0,0.0,0.0,1.0,0.0,0.0,0.0,0.0,0.0,0.0,1.0,0.0,1.0,0.0
114,2.4867625968403955,1.573419240178405,1.044395827741544,0.6930846483007074,5.146407678842912,2.531256144535746,0.0,0.0,0.0,0.0,0.0,0.0,1.0,0.0,0.0,0.0,1.0,0.0,1.0,0.0
115,2.493787349938815,0.5944028240673975,1.044395827741544,0.6930846483007074,5.146407678842912,0.4431612537052184,0.0,0.0,0.0,1.0,0.0,0.0,0.0,0.0,0.0,0.0,1.0,0.0,1.0,0.0
116,2.915272535843967,1.503489496170476,1.044395827741544,0.6930846483007074,5.146407678842912,1.2296469897122544,1.0,0.0,0.0,0.0,0.0,0.0,0.0,0.0,0.0,0.0,1.0,0.0,1.0,0.0
117,2.507836856135653,0.9090866721030785,0.6962638851610293,0.6930846483007074,5.146407678842912,1.5768595931339184,1.0,0.0,0.0,0.0,0.0,0.0,0.0,0.0,1.0,0.0,0.0,0.0,1.0,0.0
118,3.3718814872412146,0.7867096200892025,1.3925277703220587,1.039626972451061,4.117126143074329,1.5156396279933393,0.0,0.0,0.0,1.0,0.0,0.0,0.0,1.0,0.0,0.0,0.0,0.0,1.0,0.0
119,3.280559696961765,1.3111827001486709,1.3925277703220587,1.039626972451061,5.146407678842912,1.1994329347514665,0.0,0.0,0.0,0.0,0.0,0.0,1.0,1.0,0.0,0.0,0.0,0.0,1.0,0.0
120,2.6975051897929716,1.8356557802081392,1.044395827741544,0.6930846483007074,5.146407678842912,1.4542935591399206,1.0,0.0,0.0,0.0,0.0,0.0,0.0,0.0,1.0,0.0,0.0,0.0,1.0,0.0
121,1.9318071020652792,0.629367696071362,1.044395827741544,1.039626972451061,3.087844607305747,2.6857057482860816,0.0,0.0,0.0,1.0,0.0,0.0,0.0,0.0,1.0,0.0,0.0,0.0,1.0,0.0
122,0.2528911115430911,1.0839110321229013,0.6962638851610293,0.6930846483007074,5.146407678842912,1.7508639241998403,1.0,0.0,0.0,0.0,0.0,0.0,0.0,0.0,1.0,0.0,0.0,1.0,0.0,0.0
123,1.3768516072901626,3.251733096368704,1.3925277703220587,1.039626972451061,5.146407678842912,1.0126487668025095,1.0,0.0,0.0,0.0,0.0,0.0,0.0,0.0,0.0,0.0,1.0,0.0,1.0,0.0
124,0.9764406806802683,1.1363583401288482,0.6962638851610293,0.6930846483007074,5.146407678842912,1.5684861408028923,1.0,0.0,0.0,0.0,0.0,0.0,0.0,0.0,1.0,0.0,0.0,1.0,0.0,0.0
125,2.7958517331708403,0.6118852600693797,1.044395827741544,1.3861692966014147,5.146407678842912,0.8420330222337669,0.0,0.0,0.0,1.0,0.0,0.0,0.0,0.0,0.0,0.0,1.0,0.0,1.0,0.0
126,1.7210645091127033,1.3636300081546178,0.6962638851610293,0.6930846483007074,5.146407678842912,1.6870362928277982,1.0,0.0,0.0,0.0,0.0,0.0,0.0,0.0,1.0,0.0,0.0,0.0,1.0,0.0
127,2.0090793861478904,0.874121800099114,2.088791655483088,1.3861692966014147,6.175689214611494,0.8636810577174968,0.0,0.0,0.0,1.0,0.0,0.0,0.0,0.0,1.0,0.0,0.0,0.0,1.0,0.0
128,2.0161041392463095,1.9230679602180507,1.044395827741544,0.6930846483007074,5.146407678842912,0.5841271592564353,1.0,0.0,0.0,0.0,0.0,0.0,0.0,0.0,0.0,0.0,1.0,0.0,0.0,1.0
129,0.4144604328067326,1.2237705201387594,1.044395827741544,1.7327116207517683,5.146407678842912,0.13040989481925394,0.0,0.0,0.0,0.0,0.0,1.0,0.0,0.0,1.0,0.0,0.0,0.0,1.0,0.0
130,0.7797475939245309,1.3985948801585824,0.6962638851610293,0.6930846483007074,5.146407678842912,1.697622854452775,1.0,0.0,0.0,0.0,0.0,0.0,0.0,0.0,1.0,0.0,0.0,0.0,1.0,0.0
131,0.6252030257593085,1.7307611641962457,1.044395827741544,0.6930846483007074,5.146407678842912,1.5553370778540274,1.0,0.0,0.0,0.0,0.0,0.0,0.0,0.0,1.0,0.0,0.0,0.0,1.0,0.0
132,1.861559571081087,3.496487200396456,1.044395827741544,0.6930846483007074,5.146407678842912,1.2569396272742637,0.0,0.0,0.0,0.0,0.0,0.0,1.0,0.0,0.0,0.0,1.0,0.0,1.0,0.0
133,0.04214851859051518,2.447541040277519,1.3925277703220587,1.7327116207517683,4.117126143074329,1.2290957884462563,0.0,0.0,0.0,0.0,0.0,0.0,1.0,0.0,0.0,1.0,0.0,0.0,1.0,0.0
134,2.542960621627749,1.0839110321229013,2.088791655483088,1.7327116207517683,6.175689214611494,0.901858336022731,0.0,0.0,0.0,1.0,0.0,0.0,0.0,0.0,1.0,0.0,0.0,0.0,1.0,0.0
135,2.430564572053042,1.5384543681744405,1.044395827741544,0.6930846483007074,3.087844607305747,1.4435000910207254,0.0,0.0,0.0,1.0,0.0,0.0,0.0,0.0,0.0,0.0,1.0,0.0,1.0,0.0
136,3.5194013023080175,0.9615339801090254,0.6962638851610293,0.3465423241503537,5.146407678842912,1.17484226460344,1.0,0.0,0.0,0.0,0.0,0.0,0.0,1.0,0.0,0.0,0.0,0.0,1.0,0.0
137,1.109910989550233,1.3985948801585824,0.6962638851610293,0.6930846483007074,3.087844607305747,0.3327702751249427,0.0,0.0,0.0,1.0,0.0,0.0,0.0,0.0,0.0,0.0,1.0,0.0,0.0,1.0
138,1.0537129647628796,1.5384543681744405,1.044395827741544,0.6930846483007074,5.146407678842912,1.1550811436392283,1.0,0.0,0.0,0.0,0.0,0.0,0.0,0.0,0.0,0.0,1.0,0.0,1.0,0.0
139,1.2433812984201977,2.360128860267608,1.044395827741544,0.6930846483007074,5.146407678842912,1.69991757630634,1.0,0.0,0.0,0.0,0.0,0.0,0.0,0.0,1.0,0.0,0.0,0.0,1.0,0.0
140,2.7747774738755826,0.5769203880654152,0.34813194258051466,0.3465423241503537,5.146407678842912,2.1436348082481027,1.0,0.0,0.0,0.0,0.0,0.0,0.0,0.0,0.0,0.0,1.0,1.0,0.0,0.0
141,1.292554570109132,0.6643325680753266,1.3925277703220587,1.7327116207517683,5.146407678842912,0.9705318852110233,0.0,0.0,0.0,0.0,0.0,1.0,0.0,0.0,0.0,0.0,1.0,0.0,1.0,0.0
142,1.995029879951052,1.0489461601189367,0.6962638851610293,0.3465423241503537,5.146407678842912,1.7156457819944873,1.0,0.0,0.0,0.0,0.0,0.0,0.0,0.0,0.0,1.0,0.0,0.0,1.0,0.0
143,0.07024753098419197,1.188805648134795,0.6962638851610293,0.6930846483007074,5.146407678842912,1.5635382055564657,1.0,0.0,0.0,0.0,0.0,0.0,0.0,0.0,0.0,0.0,1.0,0.0,0.0,1.0
144,2.6834556835961334,0.5244730800594684,1.044395827741544,1.039626972451061,4.117126143074329,0.8433568321225297,0.0,0.0,0.0,1.0,0.0,0.0,0.0,0.0,1.0,0.0,0.0,0.0,1.0,0.0
145,0.7235495691371773,1.3985948801585824,1.044395827741544,0.6930846483007074,5.146407678842912,2.2564363740328583,0.0,0.0,0.0,0.0,0.0,0.0,1.0,0.0,0.0,0.0,1.0,1.0,0.0,0.0
146,0.5690050009719549,1.2937002641466886,0.6962638851610293,0.6930846483007074,5.146407678842912,2.0350834892457272,1.0,0.0,0.0,0.0,0.0,0.0,0.0,0.0,1.0,0.0,0.0,0.0,1.0,0.0
147,0.2669406177399295,1.1188759041268659,0.6962638851610293,0.6930846483007074,5.146407678842912,1.715769091860785,1.0,0.0,0.0,0.0,0.0,0.0,0.0,0.0,1.0,0.0,0.0,0.0,1.0,0.0
148,3.104940869501285,1.0139812881149721,1.7406597129025732,2.079253944902122,6.175689214611494,0.8020162025264597,0.0,0.0,0.0,1.0,0.0,0.0,0.0,0.0,1.0,0.0,0.0,0.0,1.0,0.0
149,1.1731337674360058,1.3111827001486709,0.6962638851610293,0.3465423241503537,5.146407678842912,0.7895445179561829,1.0,0.0,0.0,0.0,0.0,0.0,0.0,0.0,1.0,0.0,0.0,0.0,1.0,0.0
150,3.315683462453861,1.6783138561902988,1.044395827741544,0.6930846483007074,5.146407678842912,0.8642028955548162,1.0,0.0,0.0,0.0,0.0,0.0,0.0,0.0,1.0,0.0,0.0,0.0,1.0,0.0
151,2.0863516702305014,1.7132787281942634,1.044395827741544,0.6930846483007074,5.146407678842912,1.3504090576375891,1.0,0.0,0.0,0.0,0.0,0.0,0.0,0.0,1.0,0.0,0.0,0.0,1.0,0.0
152,2.0652774109352436,2.7971897603171647,1.044395827741544,0.6930846483007074,5.146407678842912,1.7073082343370618,0.0,0.0,0.0,0.0,1.0,0.0,0.0,0.0,0.0,0.0,1.0,0.0,1.0,0.0
153,1.390901113487001,2.2377518082537318,1.044395827741544,1.039626972451061,5.146407678842912,2.0314483439385302,1.0,0.0,0.0,0.0,0.0,0.0,0.0,0.0,1.0,0.0,0.0,0.0,1.0,0.0
154,2.0933764233289205,1.3985948801585824,1.7406597129025732,2.7723385932028295,7.204970750380077,0.8631615334365335,0.0,0.0,0.0,1.0,0.0,0.0,0.0,0.0,1.0,0.0,0.0,0.0,1.0,0.0
155,2.936346795139224,1.6783138561902988,1.044395827741544,0.6930846483007074,5.146407678842912,5.987966044973653,0.0,1.0,0.0,0.0,0.0,0.0,0.0,0.0,0.0,0.0,1.0,0.0,1.0,0.0
156,1.0256139523692027,1.1013934681248836,1.044395827741544,0.6930846483007074,4.117126143074329,3.1567965461725422,0.0,0.0,0.0,1.0,0.0,0.0,0.0,1.0,0.0,0.0,0.0,0.0,1.0,0.0
157,2.7677527207771635,4.37060900049557,1.044395827741544,0.6930846483007074,5.146407678842912,6.586180747325498,0.0,0.0,0.0,0.0,0.0,0.0,1.0,0.0,0.0,1.0,0.0,0.0,1.0,0.0
158,1.0326387054676218,0.9440515441070431,1.044395827741544,0.6930846483007074,5.146407678842912,1.835238727071267,0.0,1.0,0.0,0.0,0.0,0.0,0.0,0.0,0.0,0.0,1.0,0.0,1.0,0.0
159,2.1565992012146933,1.3111827001486709,1.044395827741544,0.6930846483007074,5.146407678842912,1.5441131624831022,0.0,0.0,0.0,0.0,0.0,1.0,0.0,1.0,0.0,0.0,0.0,0.0,1.0,0.0
160,2.641307165005618,3.6713115604162785,2.7850555406441173,2.079253944902122,6.175689214611494,1.5550123694628633,0.0,0.0,0.0,0.0,0.0,0.0,1.0,0.0,0.0,1.0,0.0,0.0,1.0,0.0
161,0.8640446311055612,2.6223654002973418,1.044395827741544,0.6930846483007074,5.146407678842912,2.0435654865432937,0.0,0.0,0.0,0.0,0.0,0.0,1.0,0.0,0.0,0.0,1.0,0.0,1.0,0.0
162,2.599158646415103,1.8356557802081392,1.3925277703220587,1.039626972451061,4.117126143074329,1.6962164053111772,0.0,0.0,0.0,0.0,0.0,0.0,1.0,0.0,1.0,0.0,0.0,0.0,1.0,0.0
163,0.6743762974482429,1.4510421881645292,0.6962638851610293,0.6930846483007074,5.146407678842912,1.5886138890929724,1.0,0.0,0.0,0.0,0.0,0.0,0.0,0.0,1.0,0.0,0.0,0.0,1.0,0.0
164,1.0045396930739452,1.4510421881645292,0.6962638851610293,0.6930846483007074,5.146407678842912,2.9510814822184885,1.0,0.0,0.0,0.0,0.0,0.0,0.0,1.0,0.0,0.0,0.0,0.0,0.0,1.0
165,1.678915990522188,1.433559752162547,1.044395827741544,0.6930846483007074,5.146407678842912,1.685250681219709,1.0,0.0,0.0,0.0,0.0,0.0,0.0,0.0,1.0,0.0,0.0,0.0,1.0,0.0
166,1.9247823489668598,1.2237705201387594,1.3925277703220587,1.039626972451061,3.087844607305747,1.8245438323257588,0.0,0.0,0.0,0.0,0.0,1.0,0.0,1.0,0.0,0.0,0.0,0.0,1.0,0.0
167,0.6814010505466621,1.0489461601189367,0.6962638851610293,0.3465423241503537,5.146407678842912,1.3057388340793812,1.0,0.0,0.0,0.0,0.0,0.0,0.0,0.0,1.0,0.0,0.0,0.0,1.0,0.0
168,2.465688337545138,1.2237705201387594,1.044395827741544,0.6930846483007074,5.146407678842912,1.1018291540435985,0.0,0.0,0.0,0.0,0.0,0.0,1.0,0.0,0.0,0.0,1.0,0.0,1.0,0.0
169,0.857019878007142,0.3321662840376633,1.044395827741544,0.6930846483007074,5.146407678842912,0.994079565024791,0.0,0.0,0.0,1.0,0.0,0.0,0.0,0.0,0.0,0.0,1.0,0.0,1.0,0.0
170,1.285529817010713,1.5559368041764228,1.044395827741544,0.6930846483007074,5.146407678842912,1.4292720694200522,1.0,0.0,0.0,0.0,0.0,0.0,0.0,1.0,0.0,0.0,0.0,0.0,1.0,0.0
171,1.4190001258806777,2.080409884235891,1.044395827741544,0.6930846483007074,5.146407678842912,1.0309825598342546,1.0,0.0,0.0,0.0,0.0,0.0,0.0,0.0,1.0,0.0,0.0,0.0,1.0,0.0
172,1.7280892622111224,2.0978923202378734,1.044395827741544,0.6930846483007074,5.146407678842912,1.5792624728165463,0.0,0.0,0.0,0.0,0.0,0.0,1.0,0.0,0.0,0.0,1.0,0.0,1.0,0.0
173,3.1611388942886385,2.7971897603171647,2.7850555406441173,2.7723385932028295,4.117126143074329,2.236060100578344,0.0,0.0,0.0,0.0,0.0,0.0,1.0,0.0,1.0,0.0,0.0,0.0,1.0,0.0
174,2.10040117642734,0.751744748085238,1.044395827741544,0.6930846483007074,5.146407678842912,1.8338127381114921,0.0,1.0,0.0,0.0,0.0,0.0,0.0,0.0,0.0,0.0,1.0,0.0,1.0,0.0
175,2.4727130906435573,0.9265691081050608,0.34813194258051466,0.3465423241503537,5.146407678842912,1.3189169630721946,1.0,0.0,0.0,0.0,0.0,0.0,0.0,1.0,0.0,0.0,0.0,0.0,0.0,1.0
176,2.1144506826241782,1.3111827001486709,1.044395827741544,0.6930846483007074,2.0585630715371646,1.416306034898713,0.0,0.0,0.0,0.0,0.0,1.0,0.0,0.0,0.0,0.0,1.0,0.0,1.0,0.0
177,2.7888269800724212,1.748243600198228,1.044395827741544,0.6930846483007074,5.146407678842912,2.1639403276649243,0.0,1.0,0.0,0.0,0.0,0.0,0.0,0.0,0.0,0.0,1.0,0.0,1.0,0.0
178,2.219821979100466,4.59788066852134,1.044395827741544,0.6930846483007074,5.146407678842912,1.5419410230811261,0.0,0.0,0.0,0.0,0.0,0.0,1.0,0.0,0.0,0.0,1.0,0.0,1.0,0.0
179,0.8780941373023996,1.6783138561902988,1.044395827741544,0.6930846483007074,4.117126143074329,2.874321727154418,0.0,0.0,0.0,0.0,0.0,0.0,1.0,0.0,0.0,0.0,1.0,0.0,1.0,0.0
180,2.8660992641550322,0.6818150040773089,1.044395827741544,1.3861692966014147,5.146407678842912,2.7659315170224006,0.0,0.0,0.0,1.0,0.0,0.0,0.0,1.0,0.0,0.0,0.0,0.0,1.0,0.0
181,1.5665199409474808,1.0489461601189367,1.044395827741544,0.6930846483007074,5.146407678842912,0.7038868893837038,0.0,0.0,0.0,1.0,0.0,0.0,0.0,0.0,0.0,0.0,1.0,0.0,1.0,0.0
182,2.950396301336063,0.6643325680753266,1.044395827741544,1.3861692966014147,5.146407678842912,0.9509051497704187,0.0,0.0,0.0,1.0,0.0,0.0,0.0,0.0,1.0,0.0,0.0,0.0,1.0,0.0
183,1.5384209285538042,1.1188759041268659,0.6962638851610293,0.6930846483007074,5.146407678842912,2.0211408693569117,1.0,0.0,0.0,0.0,0.0,0.0,0.0,0.0,1.0,0.0,0.0,0.0,1.0,0.0
184,0.9061931496960763,1.9230679602180507,1.044395827741544,0.6930846483007074,5.146407678842912,1.2358967601417734,1.0,0.0,0.0,0.0,0.0,0.0,0.0,0.0,0.0,0.0,1.0,0.0,1.0,0.0
185,2.964445807532901,0.6643325680753266,1.3925277703220587,1.039626972451061,4.117126143074329,1.512513417375558,0.0,0.0,0.0,1.0,0.0,0.0,0.0,0.0,1.0,0.0,0.0,0.0,1.0,0.0
186,2.0371783985415672,1.6957962921922811,1.044395827741544,1.039626972451061,5.146407678842912,1.131955715293359,1.0,0.0,0.0,0.0,0.0,0.0,0.0,1.0,0.0,0.0,0.0,0.0,1.0,0.0
187,2.3111437693799157,1.2237705201387594,0.6962638851610293,0.6930846483007074,5.146407678842912,1.3262078913045088,1.0,0.0,0.0,0.0,0.0,0.0,0.0,0.0,0.0,0.0,1.0,0.0,1.0,0.0
188,2.6553566712024566,0.6118852600693797,1.044395827741544,1.3861692966014147,5.146407678842912,0.5084559939721257,0.0,0.0,0.0,1.0,0.0,0.0,0.0,0.0,1.0,0.0,0.0,0.0,1.0,0.0
189,3.1962626597807344,0.6118852600693797,3.4813194258051463,1.7327116207517683,6.175689214611494,1.4424889738529536,0.0,0.0,0.0,1.0,0.0,0.0,0.0,0.0,0.0,0.0,1.0,0.0,1.0,0.0
190,2.500812103037234,1.7132787281942634,1.044395827741544,0.6930846483007074,2.0585630715371646,1.031653317971808,0.0,0.0,0.0,1.0,0.0,0.0,0.0,0.0,1.0,0.0,0.0,0.0,1.0,0.0
191,2.8309754986629363,1.573419240178405,5.918243023868749,6.237761834706366,6.175689214611494,0.4470446028462757,1.0,0.0,0.0,0.0,0.0,0.0,0.0,0.0,1.0,0.0,0.0,0.0,1.0,0.0
192,2.585109140218264,1.3985948801585824,2.088791655483088,1.3861692966014147,5.146407678842912,0.8696641479390573,0.0,0.0,0.0,0.0,0.0,1.0,0.0,0.0,1.0,0.0,0.0,0.0,1.0,0.0
193,2.3954408065609463,1.748243600198228,1.7406597129025732,1.7327116207517683,4.117126143074329,2.5399602969857944,0.0,0.0,0.0,0.0,0.0,0.0,1.0,0.0,0.0,1.0,0.0,0.0,1.0,0.0
194,0.7867723470229501,1.6083841121823697,1.044395827741544,0.6930846483007074,5.146407678842912,1.355754683794521,1.0,0.0,0.0,0.0,0.0,0.0,0.0,0.0,1.0,0.0,0.0,0.0,1.0,0.0
195,1.2574308046170362,1.3985948801585824,1.044395827741544,0.6930846483007074,5.146407678842912,2.531108416296516,0.0,0.0,0.0,0.0,0.0,0.0,1.0,0.0,0.0,0.0,1.0,0.0,0.0,1.0
196,3.3789062403396337,0.8391569280951494,0.34813194258051466,0.3465423241503537,5.146407678842912,1.8629084146663044,1.0,0.0,0.0,0.0,0.0,0.0,0.0,1.0,0.0,0.0,0.0,1.0,0.0,0.0
197,2.3884160534625267,0.8041920560911848,1.044395827741544,1.3861692966014147,5.146407678842912,1.5913974037713063,0.0,0.0,0.0,1.0,0.0,0.0,0.0,0.0,1.0,0.0,0.0,0.0,1.0,0.0
198,2.325193275576754,1.8531382162101215,1.044395827741544,0.6930846483007074,5.146407678842912,1.0203025974334936,1.0,0.0,0.0,0.0,0.0,0.0,0.0,0.0,1.0,0.0,0.0,0.0,1.0,0.0
199,3.3999804996348915,0.874121800099114,1.7406597129025732,1.3861692966014147,6.175689214611494,0.7282792530313196,0.0,0.0,0.0,1.0,0.0,0.0,0.0,1.0,0.0,0.0,0.0,0.0,1.0,0.0
200,2.53593586852933,1.1363583401288482,1.044395827741544,0.6930846483007074,5.146407678842912,1.5939369275992217,0.0,0.0,0.0,0.0,0.0,1.0,0.0,0.0,0.0,0.0,1.0,0.0,0.0,1.0
201,1.636767471931673,1.4510421881645292,1.044395827741544,0.6930846483007074,5.146407678842912,2.934688017265569,1.0,0.0,0.0,0.0,0.0,0.0,0.0,0.0,0.0,0.0,1.0,0.0,0.0,1.0
202,2.1917229667067892,1.6608314201883165,1.044395827741544,0.6930846483007074,5.146407678842912,2.910724736471285,1.0,0.0,0.0,0.0,0.0,0.0,0.0,0.0,1.0,0.0,0.0,0.0,1.0,0.0
203,1.1520595081407483,1.6608314201883165,1.3925277703220587,1.3861692966014147,4.117126143074329,1.2036774924447065,0.0,0.0,0.0,0.0,0.0,0.0,1.0,0.0,0.0,1.0,0.0,0.0,1.0,0.0
204,0.9553664213850107,1.0489461601189367,0.6962638851610293,0.6930846483007074,5.146407678842912,2.1458971408125707,1.0,0.0,0.0,0.0,0.0,0.0,0.0,1.0,0.0,0.0,0.0,0.0,1.0,0.0
205,1.3838763603885817,1.573419240178405,1.044395827741544,0.6930846483007074,5.146407678842912,1.4291279682276121,1.0,0.0,0.0,0.0,0.0,0.0,0.0,0.0,0.0,0.0,1.0,0.0,0.0,1.0
206,1.8123862993921527,3.496487200396456,1.044395827741544,0.6930846483007074,4.117126143074329,2.010120815763434,0.0,0.0,0.0,0.0,0.0,0.0,1.0,0.0,0.0,0.0,1.0,0.0,1.0,0.0
207,1.6297427188332536,0.6643325680753266,1.3925277703220587,1.3861692966014147,7.204970750380077,0.5445236540072064,0.0,0.0,0.0,1.0,0.0,0.0,0.0,0.0,1.0,0.0,0.0,0.0,1.0,0.0
208,0.8078466063182076,0.6118852600693797,1.3925277703220587,0.6930846483007074,5.146407678842912,0.9898271888641635,0.0,0.0,0.0,1.0,0.0,0.0,0.0,0.0,0.0,0.0,1.0,0.0,0.0,1.0
209,0.8429703718103037,1.188805648134795,1.044395827741544,0.6930846483007074,5.146407678842912,1.2680151302237486,0.0,1.0,0.0,0.0,0.0,0.0,0.0,0.0,0.0,0.0,1.0,0.0,1.0,0.0
210,2.8731240172534513,0.874121800099114,1.044395827741544,0.6930846483007074,5.146407678842912,1.820552954883045,0.0,1.0,0.0,0.0,0.0,0.0,0.0,0.0,0.0,0.0,1.0,0.0,1.0,0.0
211,1.5735446940459001,1.1538407761308305,2.4369235980636024,2.425796269052476,4.117126143074329,0.829458235845626,0.0,0.0,0.0,1.0,0.0,0.0,0.0,0.0,0.0,0.0,1.0,0.0,1.0,0.0
212,2.8380002517613554,1.9230679602180507,1.044395827741544,0.6930846483007074,5.146407678842912,1.6931079060261494,1.0,0.0,0.0,0.0,0.0,0.0,0.0,1.0,0.0,0.0,0.0,1.0,0.0,0.0
213,2.3743665472656885,1.1188759041268659,0.6962638851610293,0.6930846483007074,5.146407678842912,2.0205282962317885,1.0,0.0,0.0,0.0,0.0,0.0,0.0,0.0,1.0,0.0,0.0,0.0,0.0,1.0
214,0.892143643499238,2.010480140227962,1.044395827741544,0.6930846483007074,5.146407678842912,1.3508035413794652,1.0,0.0,0.0,0.0,0.0,0.0,0.0,0.0,1.0,0.0,0.0,0.0,1.0,0.0
215,2.0020546330494713,2.692295144305271,1.044395827741544,0.6930846483007074,5.146407678842912,2.5242340631444176,0.0,0.0,0.0,0.0,0.0,0.0,1.0,0.0,0.0,0.0,1.0,0.0,1.0,0.0
216,3.357831981044376,1.2937002641466886,0.6962638851610293,0.6930846483007074,2.0585630715371646,0.9983421981172076,0.0,0.0,0.0,0.0,0.0,1.0,0.0,1.0,0.0,0.0,0.0,0.0,1.0,0.0
217,0.751648581530854,0.751744748085238,0.34813194258051466,0.3465423241503537,5.146407678842912,1.6101429564999583,1.0,0.0,0.0,0.0,0.0,0.0,0.0,1.0,0.0,0.0,0.0,1.0,0.0,0.0
218,3.4210547589301488,0.9440515441070431,0.6962638851610293,0.3465423241503537,5.146407678842912,1.5830849779498173,1.0,0.0,0.0,0.0,0.0,0.0,0.0,0.0,1.0,0.0,0.0,0.0,1.0,0.0
219,3.4421290182254065,2.4999883482834657,1.044395827741544,0.6930846483007074,5.146407678842912,1.4375152178280535,1.0,0.0,0.0,0.0,0.0,0.0,0.0,1.0,0.0,0.0,0.0,0.0,1.0,0.0
220,0.9342921620897532,0.5594379520634329,0.34813194258051466,0.3465423241503537,5.146407678842912,2.0377945438673937,1.0,0.0,0.0,0.0,0.0,0.0,0.0,0.0,1.0,0.0,0.0,0.0,1.0,0.0
221,2.564034880923007,1.188805648134795,0.6962638851610293,0.6930846483007074,5.146407678842912,1.7295233284770226,1.0,0.0,0.0,0.0,0.0,0.0,0.0,0.0,1.0,0.0,0.0,0.0,1.0,0.0
222,0.30908913633044466,3.6713115604162785,1.044395827741544,0.6930846483007074,7.204970750380077,1.1788233448245184,0.0,0.0,0.0,0.0,0.0,1.0,0.0,0.0,1.0,0.0,0.0,0.0,1.0,0.0
223,3.252460684568088,1.8881030882140861,2.088791655483088,0.6930846483007074,5.146407678842912,1.2190379007294043,0.0,0.0,0.0,0.0,0.0,0.0,1.0,0.0,1.0,0.0,0.0,0.0,1.0,0.0
224,0.4566089513972478,1.7307611641962457,1.044395827741544,0.6930846483007074,5.146407678842912,1.566174999183876,1.0,0.0,0.0,0.0,0.0,0.0,0.0,0.0,0.0,0.0,1.0,0.0,0.0,1.0
225,1.9880051268526326,2.6223654002973418,1.044395827741544,0.6930846483007074,5.146407678842912,2.015608980718686,0.0,0.0,0.0,0.0,1.0,0.0,0.0,0.0,1.0,0.0,0.0,0.0,0.0,1.0
226,0.5971040133656317,3.9160656644440306,1.044395827741544,0.6930846483007074,5.146407678842912,2.2053980881233293,0.0,0.0,0.0,0.0,0.0,0.0,1.0,0.0,0.0,0.0,1.0,0.0,0.0,1.0
227,1.6999902498174457,1.818173344206157,1.044395827741544,0.6930846483007074,5.146407678842912,1.2270699203357607,1.0,0.0,0.0,0.0,0.0,0.0,0.0,0.0,0.0,0.0,1.0,0.0,1.0,0.0
228,1.3066040763059705,0.874121800099114,1.044395827741544,0.6930846483007074,5.146407678842912,0.7740600419276538,0.0,0.0,0.0,0.0,0.0,1.0,0.0,0.0,0.0,0.0,1.0,0.0,0.0,1.0
229,3.0627923509107697,0.8391569280951494,1.3925277703220587,1.039626972451061,5.146407678842912,1.123544694286475,0.0,0.0,0.0,1.0,0.0,0.0,0.0,0.0,1.0,0.0,0.0,0.0,1.0,0.0
230,1.1169357426486524,0.9615339801090254,0.6962638851610293,0.6930846483007074,5.146407678842912,1.3064677719351752,1.0,0.0,0.0,0.0,0.0,0.0,0.0,0.0,0.0,0.0,1.0,0.0,0.0,1.0
231,0.08429703718103036,1.3985948801585824,1.3925277703220587,1.039626972451061,5.146407678842912,3.0274144047606732,0.0,0.0,0.0,0.0,0.0,0.0,1.0,1.0,0.0,0.0,0.0,0.0,1.0,0.0
232,0.2458663584446719,2.255234244255714,1.3925277703220587,1.039626972451061,5.146407678842912,0.6983153222537737,1.0,0.0,0.0,0.0,0.0,0.0,0.0,0.0,1.0,0.0,0.0,0.0,0.0,1.0
233,0.19669308675573752,0.8391569280951494,0.34813194258051466,0.3465423241503537,5.146407678842912,2.0270300818290345,1.0,0.0,0.0,0.0,0.0,0.0,0.0,0.0,1.0,0.0,0.0,0.0,1.0,0.0
234,1.1942080267312634,1.7832084722021924,1.044395827741544,0.6930846483007074,5.146407678842912,1.0670811740702153,1.0,0.0,0.0,0.0,0.0,0.0,0.0,0.0,1.0,0.0,0.0,0.0,1.0,0.0
235,0.997514939975526,1.3636300081546178,0.6962638851610293,0.6930846483007074,5.146407678842912,1.699848332018436,1.0,0.0,0.0,0.0,0.0,0.0,0.0,0.0,1.0,0.0,0.0,0.0,1.0,0.0
236,2.8099012393676785,1.6083841121823697,0.6962638851610293,0.6930846483007074,5.146407678842912,1.515080803544131,1.0,0.0,0.0,0.0,0.0,0.0,0.0,1.0,0.0,0.0,0.0,0.0,1.0,0.0
237,2.6904804366945525,0.5419555160614506,1.044395827741544,2.079253944902122,6.175689214611494,1.4427263385122484,0.0,0.0,0.0,1.0,0.0,0.0,0.0,0.0,1.0,0.0,0.0,0.0,1.0,0.0
238,1.5524704347506424,1.2937002641466886,0.6962638851610293,0.6930846483007074,5.146407678842912,0.7898781543620618,1.0,0.0,0.0,0.0,0.0,0.0,0.0,0.0,0.0,0.0,1.0,0.0,1.0,0.0
239,0.6673515443498237,0.5769203880654152,1.7406597129025732,2.079253944902122,7.204970750380077,0.11850353395271418,0.0,0.0,0.0,0.0,0.0,1.0,0.0,0.0,1.0,0.0,0.0,0.0,1.0,0.0
240,0.35826240801937903,1.1188759041268659,0.6962638851610293,0.6930846483007074,5.146407678842912,2.1575151747382013,1.0,0.0,0.0,0.0,0.0,0.0,0.0,0.0,1.0,0.0,0.0,0.0,1.0,0.0
241,1.6859407436206073,2.0279625762299442,1.044395827741544,0.6930846483007074,5.146407678842912,1.4636584775242287,1.0,0.0,0.0,0.0,0.0,0.0,0.0,0.0,0.0,0.0,1.0,0.0,1.0,0.0
242,2.6272576588087797,1.2762178281447063,0.6962638851610293,0.6930846483007074,5.146407678842912,1.0270544280341123,1.0,0.0,0.0,0.0,0.0,0.0,0.0,0.0,1.0,0.0,0.0,0.0,1.0,0.0
243,2.6694061773992948,1.2762178281447063,0.6962638851610293,0.6930846483007074,5.146407678842912,1.4208801293883586,1.0,0.0,0.0,0.0,0.0,0.0,0.0,0.0,1.0,0.0,0.0,0.0,1.0,0.0
244,1.250406051518617,1.0314637241169544,0.6962638851610293,0.3465423241503537,5.146407678842912,2.0316551960458646,1.0,0.0,0.0,0.0,0.0,0.0,0.0,0.0,1.0,0.0,0.0,0.0,1.0,0.0
245,0.2880148770351871,1.2937002641466886,8.355166621932351,8.317015779608488,8.234252286148658,1.4506979130835573,0.0,0.0,0.0,1.0,0.0,0.0,0.0,0.0,1.0,0.0,0.0,0.0,1.0,0.0
246,3.0768418571076084,1.433559752162547,1.044395827741544,0.6930846483007074,5.146407678842912,1.1691451900553254,1.0,0.0,0.0,0.0,0.0,0.0,0.0,0.0,1.0,0.0,0.0,0.0,1.0,0.0
247,2.957421054434482,0.751744748085238,1.044395827741544,1.039626972451061,5.146407678842912,0.36560794638747435,0.0,0.0,0.0,1.0,0.0,0.0,0.0,1.0,0.0,0.0,0.0,0.0,1.0,0.0
248,1.4470991382743545,0.7867096200892025,1.3925277703220587,1.3861692966014147,5.146407678842912,0.7241719553921189,0.0,0.0,0.0,1.0,0.0,0.0,0.0,0.0,1.0,0.0,0.0,0.0,1.0,0.0
249,1.9809803737542135,1.9230679602180507,2.088791655483088,2.425796269052476,4.117126143074329,2.844668145133714,0.0,0.0,0.0,0.0,0.0,0.0,1.0,0.0,0.0,0.0,1.0,1.0,0.0,0.0
250,1.784287286998476,0.8391569280951494,0.6962638851610293,0.3465423241503537,5.146407678842912,2.1746374980215557,1.0,0.0,0.0,0.0,0.0,0.0,0.0,0.0,1.0,0.0,0.0,0.0,1.0,0.0
251,2.9082477827455473,4.545433360515393,1.044395827741544,0.6930846483007074,5.146407678842912,1.2190456346456642,0.0,0.0,0.0,0.0,0.0,0.0,1.0,0.0,0.0,0.0,1.0,0.0,0.0,1.0
252,0.02809901239367679,1.3111827001486709,2.088791655483088,2.425796269052476,5.146407678842912,0.3924108536504358,0.0,0.0,0.0,1.0,0.0,0.0,0.0,0.0,1.0,0.0,0.0,0.0,1.0,0.0
253,1.7983367931953145,1.1188759041268659,0.6962638851610293,0.6930846483007074,5.146407678842912,1.0115279804240311,1.0,0.0,0.0,0.0,0.0,0.0,0.0,0.0,1.0,0.0,0.0,0.0,1.0,0.0
254,3.1681636473870576,3.8461359204361014,1.044395827741544,1.039626972451061,3.087844607305747,1.9459101387473166,0.0,0.0,0.0,0.0,1.0,0.0,0.0,1.0,0.0,0.0,0.0,0.0,1.0,0.0
255,0.7024753098419196,1.748243600198228,1.044395827741544,0.6930846483007074,6.175689214611494,1.9342736171453303,0.0,0.0,0.0,0.0,0.0,0.0,1.0,0.0,0.0,0.0,1.0,0.0,0.0,1.0
256,1.5875942002427386,1.3985948801585824,1.044395827741544,0.6930846483007074,5.146407678842912,2.2390492027993565,0.0,0.0,0.0,0.0,0.0,0.0,1.0,0.0,0.0,0.0,1.0,0.0,0.0,1.0
257,3.0136190792218356,0.7867096200892025,1.044395827741544,0.6930846483007074,5.146407678842912,3.2071995558917847,0.0,1.0,0.0,0.0,0.0,0.0,0.0,0.0,0.0,0.0,1.0,0.0,1.0,0.0
258,1.496272409963289,0.9790164161110076,2.7850555406441173,2.425796269052476,7.204970750380077,0.8344850653649781,0.0,0.0,0.0,0.0,0.0,1.0,0.0,1.0,0.0,0.0,0.0,0.0,1.0,0.0
259,2.9784953137297396,1.6083841121823697,0.6962638851610293,0.6930846483007074,5.146407678842912,1.519693652763941,1.0,0.0,0.0,0.0,0.0,0.0,0.0,1.0,0.0,0.0,0.0,0.0,1.0,0.0
260,1.2012327798296827,2.0978923202378734,1.3925277703220587,1.7327116207517683,4.117126143074329,2.157847761245645,0.0,0.0,0.0,0.0,0.0,0.0,1.0,0.0,0.0,0.0,1.0,0.0,1.0,0.0
261,0.6884258036450813,1.6433489841863342,1.044395827741544,0.6930846483007074,5.146407678842912,1.1441177082237923,1.0,0.0,0.0,0.0,0.0,0.0,0.0,1.0,0.0,0.0,0.0,1.0,0.0,0.0
262,2.0512279047384054,0.5244730800594684,1.044395827741544,0.6930846483007074,5.146407678842912,1.0260817690766435,0.0,0.0,0.0,1.0,0.0,0.0,0.0,0.0,0.0,0.0,1.0,0.0,1.0,0.0
263,1.5103219161601273,0.9440515441070431,1.044395827741544,0.6930846483007074,5.146407678842912,2.4545684762635096,0.0,1.0,0.0,0.0,0.0,0.0,0.0,0.0,0.0,0.0,1.0,0.0,1.0,0.0
264,0.428509939003571,1.433559752162547,0.6962638851610293,0.6930846483007074,5.146407678842912,0.6922637237867564,1.0,0.0,0.0,0.0,0.0,0.0,0.0,0.0,1.0,0.0,0.0,0.0,1.0,0.0
265,0.33016339562570224,1.573419240178405,1.044395827741544,0.6930846483007074,5.146407678842912,1.4210270164993841,1.0,0.0,0.0,0.0,0.0,0.0,0.0,0.0,1.0,0.0,0.0,0.0,1.0,0.0
266,0.2247920991494143,1.1363583401288482,0.6962638851610293,0.6930846483007074,5.146407678842912,2.0509259856800774,1.0,0.0,0.0,0.0,0.0,0.0,0.0,0.0,1.0,0.0,0.0,0.0,1.0,0.0
267,1.8756090772779255,1.2237705201387594,1.044395827741544,0.6930846483007074,5.146407678842912,5.520110318263914,0.0,1.0,0.0,0.0,0.0,0.0,0.0,0.0,0.0,0.0,1.0,0.0,1.0,0.0
268,2.2970942631830775,2.6573302723013064,1.044395827741544,0.6930846483007074,5.146407678842912,1.3121368248911969,1.0,0.0,0.0,0.0,0.0,0.0,0.0,0.0,1.0,0.0,0.0,0.0,0.0,1.0
269,1.4049506196838393,0.6992974400792912,3.133187483224632,3.118880917353183,5.146407678842912,1.174283534900516,0.0,0.0,0.0,1.0,0.0,0.0,0.0,0.0,1.0,0.0,0.0,0.0,0.0,1.0
270,3.1541141411902194,1.748243600198228,1.044395827741544,0.6930846483007074,5.146407678842912,5.3201518266075345,0.0,1.0,0.0,0.0,0.0,0.0,0.0,0.0,0.0,0.0,1.0,0.0,1.0,0.0
271,0.1896683336573183,2.0978923202378734,1.044395827741544,0.6930846483007074,5.146407678842912,2.8861841039510847,0.0,0.0,0.0,0.0,0.0,0.0,1.0,0.0,0.0,0.0,1.0,1.0,0.0,0.0
272,2.7466784614819058,4.545433360515393,11.836486047737498,10.39626972451061,10.292815357685823,0.885509961661867,0.0,0.0,0.0,1.0,0.0,0.0,0.0,0.0,1.0,0.0,0.0,0.0,1.0,0.0
273,1.6156932126364152,1.0489461601189367,0.6962638851610293,0.3465423241503537,5.146407678842912,1.3116983629873593,1.0,0.0,0.0,0.0,0.0,0.0,0.0,0.0,1.0,0.0,0.0,0.0,1.0,0.0
274,1.826435805588991,2.360128860267608,1.044395827741544,0.6930846483007074,5.146407678842912,1.682223505813718,1.0,0.0,0.0,0.0,0.0,0.0,0.0,0.0,1.0,0.0,0.0,0.0,1.0,0.0
275,2.0231288923447286,2.7971897603171647,1.3925277703220587,0.6930846483007074,5.146407678842912,1.5864631776424538,1.0,0.0,0.0,0.0,0.0,0.0,0.0,0.0,0.0,0.0,1.0,0.0,1.0,0.0
276,1.1380100019439099,2.202786936249767,1.044395827741544,0.6930846483007074,5.146407678842912,1.2198869270500237,1.0,0.0,0.0,0.0,0.0,0.0,0.0,1.0,0.0,0.0,0.0,0.0,1.0,0.0
277,3.034693338517093,0.9615339801090254,1.044395827741544,0.6930846483007074,5.146407678842912,3.604094359613224,0.0,1.0,0.0,0.0,0.0,0.0,0.0,0.0,0.0,0.0,1.0,0.0,1.0,0.0
278,0.9694159275818491,2.5349532202874303,2.088791655483088,2.079253944902122,5.146407678842912,2.712722040046625,0.0,0.0,0.0,0.0,0.0,0.0,1.0,0.0,0.0,1.0,0.0,0.0,1.0,0.0
279,0.4355346921019902,1.503489496170476,1.044395827741544,0.6930846483007074,5.146407678842912,0.7341424114579902,1.0,0.0,0.0,0.0,0.0,0.0,0.0,0.0,1.0,0.0,0.0,0.0,1.0,0.0
280,0.9483416682865916,2.2901991162596786,1.044395827741544,0.6930846483007074,5.146407678842912,0.8607808434426131,1.0,0.0,0.0,0.0,0.0,0.0,0.0,0.0,1.0,0.0,0.0,0.0,1.0,0.0
281,0.8991683965976572,1.0489461601189367,1.044395827741544,0.6930846483007074,5.146407678842912,4.902819643711466,0.0,1.0,0.0,0.0,0.0,0.0,0.0,0.0,0.0,0.0,1.0,0.0,1.0,0.0
282,3.364856734142795,0.5419555160614506,2.7850555406441173,1.7327116207517683,5.146407678842912,0.8608587633139837,0.0,0.0,0.0,1.0,0.0,0.0,0.0,0.0,1.0,0.0,0.0,0.0,1.0,0.0
283,0.05619802478735358,1.9580328322220153,1.044395827741544,0.6930846483007074,5.146407678842912,2.8654912113993025,0.0,0.0,0.0,0.0,0.0,0.0,1.0,0.0,0.0,0.0,1.0,0.0,0.0,1.0
284,2.290069510084658,1.6083841121823697,1.044395827741544,0.6930846483007074,5.146407678842912,0.7356990034989213,1.0,0.0,0.0,0.0,0.0,0.0,0.0,0.0,1.0,0.0,0.0,0.0,0.0,1.0
285,3.4561785244222447,0.5419555160614506,2.7850555406441173,1.7327116207517683,5.146407678842912,0.8602477310562435,1.0,0.0,0.0,0.0,0.0,0.0,0.0,0.0,1.0,0.0,0.0,0.0,1.0,0.0
286,0.4495841982988286,1.6783138561902988,1.044395827741544,0.6930846483007074,4.117126143074329,2.8749022070426618,0.0,0.0,0.0,0.0,1.0,0.0,0.0,0.0,0.0,0.0,1.0,0.0,0.0,1.0
287,2.107425929525759,0.9615339801090254,0.34813194258051466,0.6930846483007074,3.087844607305747,0.6525564928051739,0.0,0.0,0.0,1.0,0.0,0.0,0.0,0.0,0.0,1.0,0.0,0.0,1.0,0.0
288,0.09834654337786876,1.3111827001486709,1.044395827741544,0.6930846483007074,5.146407678842912,1.7100318365870963,0.0,0.0,0.0,0.0,0.0,0.0,1.0,0.0,0.0,0.0,1.0,0.0,0.0,1.0
289,1.0958614833533946,2.0978923202378734,0.6962638851610293,0.6930846483007074,1.0292815357685823,1.1532794180613712,0.0,0.0,0.0,0.0,0.0,1.0,0.0,0.0,0.0,1.0,0.0,0.0,1.0,0.0
290,0.28099012393676787,0.9615339801090254,1.044395827741544,0.6930846483007074,5.146407678842912,2.0212828278091224,0.0,0.0,0.0,0.0,1.0,0.0,0.0,0.0,0.0,0.0,1.0,0.0,1.0,0.0
291,2.6623814243008757,1.6783138561902988,1.044395827741544,0.6930846483007074,5.146407678842912,1.0518378408486408,1.0,0.0,0.0,0.0,0.0,0.0,0.0,0.0,1.0,0.0,0.0,0.0,0.0,1.0
292,3.245435931469669,1.3111827001486709,1.3925277703220587,1.039626972451061,5.146407678842912,1.1994329347523847,0.0,0.0,0.0,0.0,0.0,0.0,1.0,1.0,0.0,0.0,0.0,0.0,1.0,0.0
293,2.8450250048597745,0.751744748085238,1.044395827741544,0.6930846483007074,3.087844607305747,0.9127788539302633,0.0,0.0,0.0,0.0,0.0,1.0,0.0,0.0,1.0,0.0,0.0,0.0,1.0,0.0
294,1.5173466692585464,1.573419240178405,1.044395827741544,0.6930846483007074,3.087844607305747,0.3361397410077552,0.0,0.0,0.0,0.0,0.0,1.0,0.0,0.0,0.0,0.0,1.0,0.0,1.0,0.0
295,1.959906114458956,1.2237705201387594,0.6962638851610293,0.6930846483007074,5.146407678842912,1.946548179371251,1.0,0.0,0.0,0.0,0.0,0.0,0.0,0.0,1.0,0.0,0.0,0.0,1.0,0.0
296,3.069817104009189,1.2762178281447063,0.6962638851610293,0.6930846483007074,5.146407678842912,1.4326312275210376,1.0,0.0,0.0,0.0,0.0,0.0,0.0,0.0,1.0,0.0,0.0,0.0,1.0,0.0
297,3.0417180916155124,1.2762178281447063,0.6962638851610293,0.6930846483007074,5.146407678842912,1.9499070698577188,1.0,0.0,0.0,0.0,0.0,0.0,0.0,1.0,0.0,0.0,0.0,0.0,1.0,0.0
298,2.3673417941672694,1.2762178281447063,1.044395827741544,0.6930846483007074,5.146407678842912,1.9144916810325023,0.0,0.0,0.0,0.0,0.0,0.0,1.0,0.0,0.0,1.0,0.0,0.0,1.0,0.0
299,1.6578417312269305,0.6643325680753266,0.6962638851610293,0.6930846483007074,5.146407678842912,1.1650904918151934,1.0,0.0,0.0,0.0,0.0,0.0,0.0,0.0,1.0,0.0,0.0,0.0,1.0,0.0
300,1.4541238913727736,2.639847836299324,1.3925277703220587,0.6930846483007074,5.146407678842912,1.224328694101,1.0,0.0,0.0,0.0,0.0,0.0,0.0,0.0,0.0,0.0,1.0,0.0,1.0,0.0
301,1.4892476568648698,0.5944028240673975,0.6962638851610293,0.3465423241503537,5.146407678842912,1.302319376762515,1.0,0.0,0.0,0.0,0.0,0.0,0.0,0.0,1.0,0.0,0.0,1.0,0.0,0.0
302,2.072302164033663,0.5594379520634329,0.34813194258051466,0.3465423241503537,5.146407678842912,2.035369423255307,1.0,0.0,0.0,0.0,0.0,0.0,0.0,0.0,0.0,0.0,1.0,0.0,1.0,0.0
303,3.2313864252728304,0.5419555160614506,0.6962638851610293,0.6930846483007074,2.0585630715371646,0.8153516139755381,0.0,0.0,0.0,0.0,0.0,1.0,0.0,1.0,0.0,0.0,0.0,0.0,1.0,0.0
304,1.7632130277032183,1.8356557802081392,1.044395827741544,0.6930846483007074,5.146407678842912,2.147916935931834,1.0,0.0,0.0,0.0,0.0,0.0,0.0,0.0,0.0,1.0,0.0,1.0,0.0,0.0
305,3.4491537713238256,1.2937002641466886,0.6962638851610293,0.6930846483007074,5.146407678842912,1.3460011227657065,1.0,0.0,0.0,0.0,0.0,0.0,0.0,0.0,1.0,0.0,0.0,0.0,1.0,0.0
306,3.23841117837125,1.3461475721526355,0.6962638851610293,0.6930846483007074,5.146407678842912,2.2236336598068043,1.0,0.0,0.0,0.0,0.0,0.0,0.0,0.0,0.0,0.0,1.0,0.0,1.0,0.0
307,2.1285001888210164,2.6223654002973418,1.044395827741544,0.6930846483007074,3.087844607305747,1.3228008371879691,0.0,0.0,0.0,0.0,0.0,0.0,1.0,0.0,1.0,0.0,0.0,0.0,1.0,0.0
308,2.458663584446719,2.5524356562894126,1.3925277703220587,1.039626972451061,5.146407678842912,0.6703436387802095,1.0,0.0,0.0,0.0,0.0,0.0,0.0,0.0,0.0,0.0,1.0,0.0,0.0,1.0
309,1.889658583474764,1.748243600198228,1.044395827741544,0.6930846483007074,4.117126143074329,2.524705315071376,0.0,0.0,0.0,0.0,0.0,0.0,1.0,0.0,0.0,1.0,0.0,0.0,1.0,0.0
310,1.4119753727822586,3.496487200396456,1.044395827741544,0.6930846483007074,4.117126143074329,2.5367732453615393,0.0,0.0,0.0,0.0,0.0,0.0,1.0,1.0,0.0,0.0,0.0,0.0,1.0,0.0
311,1.1309852488454908,0.751744748085238,1.044395827741544,0.6930846483007074,6.175689214611494,0.9121443495955551,0.0,0.0,0.0,1.0,0.0,0.0,0.0,1.0,0.0,0.0,0.0,0.0,1.0,0.0
312,0.30206438323202545,1.0314637241169544,0.6962638851610293,0.3465423241503537,5.146407678842912,2.043626451176676,1.0,0.0,0.0,0.0,0.0,0.0,0.0,0.0,1.0,0.0,0.0,0.0,1.0,0.0
313,1.5243714223569658,1.3985948801585824,1.3925277703220587,1.3861692966014147,4.117126143074329,2.1999667540284613,1.0,0.0,0.0,0.0,0.0,0.0,0.0,0.0,0.0,0.0,1.0,1.0,0.0,0.0
314,2.816925992466098,0.8391569280951494,0.6962638851610293,0.3465423241503537,5.146407678842912,1.3477790646019256,1.0,0.0,0.0,0.0,0.0,0.0,0.0,0.0,0.0,0.0,1.0,1.0,0.0,0.0
315,1.3347030886996474,1.2237705201387594,0.6962638851610293,0.6930846483007074,5.146407678842912,1.4837535523882635,1.0,0.0,0.0,0.0,0.0,0.0,0.0,0.0,1.0,0.0,0.0,0.0,0.0,1.0
316,2.170648707411532,0.6643325680753266,1.3925277703220587,1.3861692966014147,5.146407678842912,0.6441477379198849,0.0,0.0,0.0,1.0,0.0,0.0,0.0,0.0,1.0,0.0,0.0,0.0,1.0,0.0
317,1.819411052490572,0.874121800099114,1.044395827741544,0.6930846483007074,5.146407678842912,3.800091814898059,0.0,1.0,0.0,0.0,0.0,0.0,0.0,0.0,0.0,0.0,1.0,0.0,1.0,0.0
318,0.7375990753340157,2.0978923202378734,1.044395827741544,0.6930846483007074,5.146407678842912,0.9798485112586736,1.0,0.0,0.0,0.0,0.0,0.0,0.0,0.0,0.0,0.0,1.0,0.0,0.0,1.0
319,0.37231191421621745,1.9230679602180507,1.044395827741544,0.6930846483007074,5.146407678842912,1.5842039399154755,1.0,0.0,0.0,0.0,0.0,0.0,0.0,0.0,1.0,0.0,0.0,0.0,1.0,0.0
320,2.7326289552850676,2.5349532202874303,1.044395827741544,0.6930846483007074,5.146407678842912,1.3007575973656562,1.0,0.0,0.0,0.0,0.0,0.0,0.0,0.0,1.0,0.0,0.0,0.0,1.0,0.0
321,0.007024753098419197,1.6783138561902988,1.044395827741544,0.6930846483007074,4.117126143074329,2.8773840228516905,0.0,0.0,0.0,0.0,0.0,0.0,1.0,0.0,0.0,0.0,1.0,0.0,1.0,0.0
322,3.1189903756981234,1.3985948801585824,1.3925277703220587,1.3861692966014147,5.146407678842912,3.007886555170337,0.0,0.0,0.0,0.0,0.0,0.0,1.0,0.0,0.0,0.0,1.0,0.0,1.0,0.0
323,3.4070052527333106,1.9230679602180507,1.044395827741544,0.6930846483007074,5.146407678842912,0.9990175247421056,1.0,0.0,0.0,0.0,0.0,0.0,0.0,0.0,1.0,0.0,0.0,0.0,1.0,0.0
324,0.34421290182254066,2.185304500247785,1.044395827741544,0.6930846483007074,5.146407678842912,3.0129764870793965,0.0,0.0,0.0,0.0,0.0,0.0,1.0,0.0,0.0,0.0,1.0,0.0,0.0,1.0
325,2.9433715482376432,0.9964988521129899,1.3925277703220587,2.079253944902122,7.204970750380077,0.7084903433775558,0.0,0.0,0.0,0.0,0.0,1.0,0.0,0.0,1.0,0.0,0.0,0.0,1.0,0.0
326,0.5619802478735357,0.751744748085238,0.34813194258051466,0.3465423241503537,5.146407678842912,2.030900217094541,1.0,0.0,0.0,0.0,0.0,0.0,0.0,0.0,0.0,0.0,1.0,0.0,0.0,1.0
327,1.4400743851759354,2.7622248883132,1.044395827741544,0.6930846483007074,5.146407678842912,6.0381131614965495,0.0,1.0,0.0,0.0,0.0,0.0,0.0,0.0,0.0,0.0,1.0,0.0,1.0,0.0
328,0.23884160534625268,0.5769203880654152,1.3925277703220587,1.3861692966014147,5.146407678842912,1.2614231835465886,0.0,0.0,0.0,1.0,0.0,0.0,0.0,0.0,1.0,0.0,0.0,0.0,1.0,0.0
329,3.0206438323202547,0.629367696071362,1.7406597129025732,1.7327116207517683,5.146407678842912,0.6964188395062568,0.0,0.0,0.0,1.0,0.0,0.0,0.0,0.0,1.0,0.0,0.0,0.0,1.0,0.0
330,1.8475100648842488,0.9615339801090254,0.34813194258051466,0.3465423241503537,5.146407678842912,0.6884723742072698,1.0,0.0,0.0,0.0,0.0,0.0,0.0,0.0,1.0,0.0,0.0,0.0,1.0,0.0
331,2.999569573024997,1.3985948801585824,1.044395827741544,0.6930846483007074,5.146407678842912,4.633308454739846,0.0,1.0,0.0,0.0,0.0,0.0,0.0,0.0,0.0,0.0,1.0,0.0,1.0,0.0
332,2.571059634021426,1.433559752162547,0.6962638851610293,0.6930846483007074,5.146407678842912,0.6390252865660565,1.0,0.0,0.0,0.0,0.0,0.0,0.0,0.0,1.0,0.0,0.0,0.0,1.0,0.0
333,0.639252531956147,1.818173344206157,1.044395827741544,0.6930846483007074,5.146407678842912,2.875240549614236,0.0,0.0,0.0,0.0,0.0,0.0,1.0,0.0,0.0,0.0,1.0,0.0,1.0,0.0
334,2.3813913003641076,1.3985948801585824,1.044395827741544,0.6930846483007074,5.146407678842912,1.9147054123649356,0.0,0.0,0.0,0.0,0.0,0.0,1.0,0.0,0.0,0.0,1.0,0.0,1.0,0.0
335,3.3437824748475378,0.8916042361010962,2.088791655483088,1.3861692966014147,5.146407678842912,1.8235932161203994,0.0,0.0,0.0,1.0,0.0,0.0,0.0,0.0,1.0,0.0,0.0,0.0,1.0,0.0
336,0.36528716111779824,1.1013934681248836,1.044395827741544,0.6930846483007074,5.146407678842912,1.6958772959902493,0.0,0.0,0.0,0.0,0.0,0.0,1.0,1.0,0.0,0.0,0.0,0.0,1.0,0.0
337,2.423539818954623,2.010480140227962,1.044395827741544,0.6930846483007074,5.146407678842912,1.5030458197448922,1.0,0.0,0.0,0.0,0.0,0.0,0.0,0.0,1.0,0.0,0.0,0.0,1.0,0.0
338,1.854534817982668,4.667810412529269,1.044395827741544,0.6930846483007074,4.117126143074329,1.1544244868991969,0.0,0.0,0.0,0.0,0.0,0.0,1.0,0.0,0.0,0.0,1.0,0.0,0.0,1.0
339,1.6929654967190264,0.8216744920931671,1.044395827741544,0.6930846483007074,5.146407678842912,2.0204255468934074,0.0,0.0,0.0,0.0,1.0,0.0,0.0,0.0,0.0,0.0,1.0,0.0,0.0,1.0
340,0.09132179027944956,1.3111827001486709,1.044395827741544,0.6930846483007074,5.146407678842912,1.6993080623162207,0.0,0.0,0.0,0.0,0.0,0.0,1.0,0.0,0.0,0.0,1.0,0.0,0.0,1.0
341,2.212797226002047,1.3286651361506532,1.044395827741544,0.6930846483007074,5.146407678842912,5.316433520877077,0.0,1.0,0.0,0.0,0.0,0.0,0.0,0.0,0.0,0.0,1.0,0.0,1.0,0.0
342,0.6181782726608893,5.2447308005946836,1.7406597129025732,2.425796269052476,4.117126143074329,3.899360883221818,0.0,0.0,0.0,0.0,0.0,0.0,1.0,0.0,0.0,0.0,1.0,0.0,0.0,1.0
343,2.7185794490882293,1.066428596120919,1.7406597129025732,1.3861692966014147,4.117126143074329,0.8071198250665347,0.0,0.0,0.0,1.0,0.0,0.0,0.0,0.0,1.0,0.0,0.0,0.0,1.0,0.0
344,1.9177575958684407,2.7971897603171647,1.3925277703220587,0.6930846483007074,5.146407678842912,1.308672064192579,1.0,0.0,0.0,0.0,0.0,0.0,0.0,0.0,0.0,0.0,1.0,0.0,1.0,0.0
345,1.1661090143375867,4.895082080555038,2.088791655483088,2.079253944902122,8.234252286148658,1.4257340916851164,0.0,0.0,0.0,0.0,0.0,1.0,0.0,1.0,0.0,0.0,0.0,0.0,1.0,0.0
346,2.3041190162814966,0.6992974400792912,1.044395827741544,0.6930846483007074,5.146407678842912,1.8359791325715762,0.0,1.0,0.0,0.0,0.0,0.0,0.0,0.0,0.0,0.0,1.0,0.0,0.0,1.0
347,3.4772527837175025,0.6643325680753266,1.044395827741544,1.3861692966014147,5.146407678842912,0.740456452641447,0.0,0.0,0.0,1.0,0.0,0.0,0.0,0.0,0.0,0.0,1.0,0.0,1.0,0.0
348,0.9413169151881724,1.3985948801585824,0.6962638851610293,0.6930846483007074,5.146407678842912,1.562019810161852,1.0,0.0,0.0,0.0,0.0,0.0,0.0,0.0,1.0,0.0,0.0,0.0,1.0,0.0
349,2.149574448116274,0.9615339801090254,0.6962638851610293,0.3465423241503537,5.146407678842912,1.7166996681998445,1.0,0.0,0.0,0.0,0.0,0.0,0.0,0.0,0.0,1.0,0.0,0.0,1.0,0.0
350,3.392955746536472,1.3286651361506532,1.044395827741544,0.6930846483007074,5.146407678842912,0.936697094418107,0.0,0.0,0.0,1.0,0.0,0.0,0.0,0.0,0.0,0.0,1.0,0.0,1.0,0.0
351,2.240896238395724,4.265714384483676,1.044395827741544,0.6930846483007074,5.146407678842912,1.0735926620908272,0.0,0.0,1.0,0.0,0.0,0.0,0.0,0.0,1.0,0.0,0.0,1.0,0.0,0.0
352,1.7070150029158648,1.2237705201387594,1.044395827741544,0.6930846483007074,5.146407678842912,2.0802113519123275,0.0,0.0,0.0,0.0,0.0,0.0,1.0,0.0,1.0,0.0,0.0,0.0,1.0,0.0
353,0.3793366673146366,2.6223654002973418,1.044395827741544,0.6930846483007074,4.117126143074329,2.028240543447275,0.0,0.0,0.0,0.0,0.0,0.0,1.0,0.0,0.0,0.0,1.0,0.0,1.0,0.0
354,2.5499853747261683,4.020960280455924,1.044395827741544,0.6930846483007074,12.351378429222988,0.26462183421783386,0.0,0.0,0.0,0.0,0.0,1.0,0.0,0.0,0.0,0.0,1.0,0.0,0.0,1.0
355,0.3512376549209598,0.751744748085238,0.34813194258051466,0.3465423241503537,5.146407678842912,2.029828102397658,1.0,0.0,0.0,0.0,0.0,0.0,0.0,1.0,0.0,0.0,0.0,0.0,1.0,0.0
356,3.308658709355442,4.545433360515393,1.044395827741544,0.6930846483007074,4.117126143074329,0.9817326319883215,0.0,0.0,0.0,0.0,0.0,1.0,0.0,0.0,0.0,0.0,1.0,0.0,0.0,1.0
357,1.2223070391249402,1.5209719321724582,0.6962638851610293,0.6930846483007074,5.146407678842912,1.4623341945119588,1.0,0.0,0.0,0.0,0.0,0.0,0.0,0.0,0.0,0.0,1.0,0.0,1.0,0.0
358,3.1260151287965425,4.37060900049557,1.044395827741544,0.6930846483007074,3.087844607305747,2.6867844413058726,0.0,0.0,0.0,0.0,0.0,0.0,1.0,0.0,0.0,0.0,1.0,1.0,0.0,0.0
359,1.3276783356012283,0.7167798760812735,2.088791655483088,1.7327116207517683,6.175689214611494,1.1496824049563645,0.0,0.0,0.0,1.0,0.0,0.0,0.0,0.0,1.0,0.0,0.0,0.0,1.0,0.0
360,3.5053517961111793,0.03496487200396456,1.044395827741544,0.6930846483007074,5.146407678842912,0.5287427171990837,0.0,1.0,0.0,0.0,0.0,0.0,0.0,0.0,0.0,0.0,1.0,0.0,0.0,1.0
361,1.3136288294043899,1.4510421881645292,0.6962638851610293,0.6930846483007074,5.146407678842912,0.6941211543678836,1.0,0.0,0.0,0.0,0.0,0.0,0.0,0.0,1.0,0.0,0.0,0.0,1.0,0.0
362,1.1871832736328443,1.5384543681744405,1.044395827741544,0.6930846483007074,4.117126143074329,2.23876608720261,0.0,0.0,0.0,0.0,0.0,0.0,1.0,0.0,0.0,0.0,1.0,0.0,0.0,1.0
363,0.4074356797083134,1.6783138561902988,1.044395827741544,0.6930846483007074,4.117126143074329,2.8622193313402358,0.0,0.0,0.0,0.0,0.0,0.0,1.0,0.0,0.0,0.0,1.0,0.0,1.0,0.0
364,0.33718814872412145,1.0489461601189367,3.8294513683856612,3.8119655656538907,7.204970750380077,1.3246190805394729,0.0,0.0,0.0,1.0,0.0,0.0,0.0,0.0,1.0,0.0,0.0,0.0,1.0,0.0
365,2.4165150658562036,1.6608314201883165,1.044395827741544,0.6930846483007074,5.146407678842912,1.0786685540820768,1.0,0.0,0.0,0.0,0.0,0.0,0.0,0.0,1.0,0.0,0.0,0.0,1.0,0.0
366,1.6508169781285114,3.6713115604162785,2.4369235980636024,2.079253944902122,5.146407678842912,1.5547990902241648,0.0,0.0,0.0,0.0,1.0,0.0,0.0,0.0,0.0,0.0,1.0,0.0,1.0,0.0
367,1.7702377808016376,0.751744748085238,0.34813194258051466,0.3465423241503537,5.146407678842912,2.1642579045768664,1.0,0.0,0.0,0.0,0.0,0.0,0.0,0.0,1.0,0.0,0.0,0.0,1.0,0.0
368,0.14751981506680314,1.3985948801585824,1.044395827741544,0.6930846483007074,5.146407678842912,1.6991968065957441,0.0,0.0,0.0,0.0,0.0,0.0,1.0,0.0,0.0,0.0,1.0,1.0,0.0,0.0
369,2.1987477198052088,1.3111827001486709,2.088791655483088,2.079253944902122,5.146407678842912,1.2475091797262556,0.0,0.0,0.0,0.0,1.0,0.0,0.0,0.0,1.0,0.0,0.0,0.0,0.0,1.0
370,3.2243616721744113,0.8041920560911848,0.34813194258051466,0.3465423241503537,5.146407678842912,1.5835329986173574,1.0,0.0,0.0,0.0,0.0,0.0,0.0,1.0,0.0,0.0,0.0,1.0,0.0,0.0
371,1.1239604957470715,1.5209719321724582,0.6962638851610293,0.6930846483007074,5.146407678842912,1.4933439703659421,1.0,0.0,0.0,0.0,0.0,0.0,0.0,0.0,0.0,0.0,1.0,0.0,1.0,0.0
372,1.9388318551636983,3.251733096368704,1.3925277703220587,1.3861692966014147,5.146407678842912,1.2349795759642057,1.0,0.0,0.0,0.0,0.0,0.0,0.0,0.0,1.0,0.0,0.0,0.0,1.0,0.0
373,3.1119656225997043,0.874121800099114,1.3925277703220587,1.039626972451061,4.117126143074329,2.007188885897423,0.0,0.0,0.0,1.0,0.0,0.0,0.0,0.0,0.0,0.0,1.0,0.0,1.0,0.0
374,1.3417278417980667,1.748243600198228,1.3925277703220587,1.7327116207517683,4.117126143074329,2.8376883485317994,0.0,0.0,0.0,0.0,0.0,0.0,1.0,1.0,0.0,0.0,0.0,1.0,0.0,0.0
375,2.7045299428913907,0.6468501320733443,1.044395827741544,0.6930846483007074,5.146407678842912,1.8009869686713758,0.0,0.0,0.0,1.0,0.0,0.0,0.0,0.0,0.0,0.0,1.0,0.0,1.0,0.0
376,2.0582526578368245,2.202786936249767,1.3925277703220587,1.3861692966014147,3.087844607305747,1.1491772682810386,0.0,0.0,0.0,0.0,0.0,0.0,1.0,0.0,0.0,0.0,1.0,0.0,1.0,0.0
377,2.901223029647128,1.258735392142724,2.088791655483088,1.3861692966014147,5.146407678842912,0.10146929647351575,0.0,0.0,0.0,1.0,0.0,0.0,0.0,0.0,1.0,0.0,0.0,0.0,1.0,0.0
378,2.4094903127577845,2.3950937322715724,1.7406597129025732,1.7327116207517683,5.146407678842912,0.9988172472341154,0.0,0.0,0.0,0.0,0.0,1.0,0.0,0.0,1.0,0.0,0.0,0.0,1.0,0.0
379,1.8053615462937336,0.9615339801090254,1.7406597129025732,2.079253944902122,7.204970750380077,0.46805898973559906,0.0,0.0,0.0,1.0,0.0,0.0,0.0,0.0,1.0,0.0,0.0,0.0,1.0,0.0
380,2.163623954313113,0.751744748085238,0.6962638851610293,0.6930846483007074,5.146407678842912,2.015791844376616,1.0,0.0,0.0,0.0,0.0,0.0,0.0,0.0,1.0,0.0,0.0,0.0,1.0,0.0
381,1.0466882116644602,1.1188759041268659,0.6962638851610293,0.6930846483007074,5.146407678842912,2.158413961511165,1.0,0.0,0.0,0.0,0.0,0.0,0.0,0.0,1.0,0.0,0.0,0.0,1.0,0.0
382,0.9132179027944956,9.440515441070431,1.044395827741544,0.6930846483007074,5.146407678842912,5.6950124078152395,0.0,1.0,0.0,0.0,0.0,0.0,0.0,0.0,0.0,0.0,1.0,0.0,1.0,0.0
383,1.0607377178612987,5.856616060664064,1.044395827741544,0.6930846483007074,5.146407678842912,0.46438805718671905,0.0,0.0,0.0,0.0,0.0,1.0,0.0,0.0,0.0,0.0,1.0,0.0,1.0,0.0
384,2.521886362332492,2.447541040277519,8.355166621932351,8.317015779608488,6.175689214611494,0.8706517509688729,0.0,0.0,0.0,1.0,0.0,0.0,0.0,0.0,1.0,0.0,0.0,0.0,1.0,0.0
385,0.6954505567435005,3.496487200396456,1.044395827741544,0.6930846483007074,5.146407678842912,0.9814695630267318,0.0,0.0,0.0,0.0,0.0,1.0,0.0,0.0,0.0,0.0,1.0,0.0,0.0,1.0
386,2.613208152611941,1.258735392142724,0.6962638851610293,0.6930846483007074,5.146407678842912,1.0814688005846358,1.0,0.0,0.0,0.0,0.0,0.0,0.0,1.0,0.0,0.0,0.0,0.0,1.0,0.0
387,0.6111535195624701,0.7342623120832558,1.7406597129025732,1.039626972451061,5.146407678842912,1.2354787552431648,0.0,0.0,0.0,1.0,0.0,0.0,0.0,1.0,0.0,0.0,0.0,0.0,1.0,0.0
388,3.217336919075992,2.255234244255714,6.962638851610293,7.277388807157427,5.146407678842912,0.9441901038027118,1.0,0.0,0.0,0.0,0.0,0.0,0.0,0.0,0.0,0.0,1.0,0.0,0.0,1.0
389,2.318168522478335,1.3811124441566,1.044395827741544,0.6930846483007074,5.146407678842912,2.1524652200550083,1.0,0.0,0.0,0.0,0.0,0.0,0.0,1.0,0.0,0.0,0.0,1.0,0.0,0.0
390,1.503297163061708,1.818173344206157,1.044395827741544,0.6930846483007074,5.146407678842912,1.5319337725577,1.0,0.0,0.0,0.0,0.0,0.0,0.0,0.0,1.0,0.0,0.0,0.0,1.0,0.0
391,3.273534943863346,0.9090866721030785,1.044395827741544,0.6930846483007074,5.146407678842912,1.8068524875572738,0.0,1.0,0.0,0.0,0.0,0.0,0.0,0.0,0.0,0.0,1.0,0.0,1.0,0.0
392,0.8499951249087229,0.751744748085238,1.7406597129025732,1.3861692966014147,5.146407678842912,0.6494198709662432,0.0,0.0,0.0,1.0,0.0,0.0,0.0,0.0,1.0,0.0,0.0,0.0,1.0,0.0
393,3.5264260554064366,3.496487200396456,1.044395827741544,0.6930846483007074,6.175689214611494,0.16550787474760448,0.0,0.0,0.0,0.0,0.0,1.0,0.0,0.0,0.0,0.0,1.0,0.0,1.0,0.0
394,0.14049506196838393,1.6783138561902988,1.044395827741544,0.6930846483007074,5.146407678842912,2.8626143490889913,0.0,0.0,0.0,0.0,0.0,0.0,1.0,0.0,0.0,0.0,1.0,0.0,1.0,0.0
395,1.320653582502809,1.2937002641466886,0.6962638851610293,0.6930846483007074,5.146407678842912,1.4794420481946988,1.0,0.0,0.0,0.0,0.0,0.0,0.0,0.0,0.0,0.0,1.0,0.0,0.0,1.0
396,0.498757469987763,2.1503396282438203,1.044395827741544,0.6930846483007074,5.146407678842912,1.5942009414078797,1.0,0.0,0.0,0.0,0.0,0.0,0.0,0.0,0.0,0.0,1.0,0.0,1.0,0.0
397,0.7446238284324349,0.751744748085238,0.34813194258051466,0.3465423241503537,5.146407678842912,2.1575155896149933,1.0,0.0,0.0,0.0,0.0,0.0,0.0,0.0,1.0,0.0,0.0,1.0,0.0,0.0
398,1.8966833365731832,1.4510421881645292,1.044395827741544,0.6930846483007074,5.146407678842912,1.5827550052604409,0.0,0.0,0.0,1.0,0.0,0.0,0.0,0.0,1.0,0.0,0.0,0.0,1.0,0.0
399,2.4446140782498804,1.433559752162547,0.6962638851610293,0.6930846483007074,5.146407678842912,2.0125784588191595,1.0,0.0,0.0,0.0,0.0,0.0,0.0,0.0,1.0,0.0,0.0,0.0,0.0,1.0
400,3.0557675978123506,1.6957962921922811,1.044395827741544,0.6930846483007074,5.146407678842912,0.7218931165147919,1.0,0.0,0.0,0.0,0.0,0.0,0.0,0.0,0.0,0.0,1.0,1.0,0.0,0.0
401,0.7165248160387581,1.3985948801585824,1.7406597129025732,1.039626972451061,4.117126143074329,2.186156222359812,0.0,0.0,0.0,0.0,0.0,0.0,1.0,1.0,0.0,0.0,0.0,0.0,0.0,1.0
